n,state,k_star,learned,copies,negatives
4,0,4,1,17,0
4,1,4,1,17,0
4,2,6,1,25,0
4,3,4,1,17,0
4,4,4,1,17,0
4,5,4,1,17,0
4,6,4,1,17,0
4,7,5,1,21,0
4,8,8,1,33,0
4,9,5,1,21,0
4,10,6,1,25,1
4,11,0,0,-1,-1
4,12,8,1,33,2
4,13,6,1,25,0
4,14,5,1,21,0
4,15,6,1,25,1
4,16,6,1,25,0
4,17,4,1,17,0
4,18,6,1,25,0
4,19,5,1,21,0
4,20,5,1,21,2
4,21,4,1,17,2
4,22,4,1,17,0
4,23,5,1,21,1
4,24,7,1,29,1
4,25,9,1,37,0
4,26,4,1,17,3
4,27,6,1,25,1
4,28,8,1,33,2
4,29,6,1,25,1
4,30,4,1,17,0
4,31,7,1,29,1
4,32,5,1,21,2
4,33,4,1,17,0
4,34,5,1,21,1
4,35,11,1,45,1
4,36,5,1,21,0
4,37,6,1,25,0
4,38,4,1,17,0
4,39,5,1,21,1
4,40,5,1,21,0
4,41,9,1,37,0
4,42,5,1,21,0
4,43,5,1,21,2
4,44,5,1,21,1
4,45,5,1,21,1
4,46,7,1,29,0
4,47,5,1,21,1
4,48,9,1,37,1
4,49,5,1,21,0
4,50,4,1,17,0
4,51,4,1,17,0
4,52,4,1,17,0
4,53,4,1,17,0
4,54,5,1,21,0
4,55,10,1,41,0
4,56,4,1,17,0
4,57,7,1,29,2
4,58,5,1,21,1
4,59,5,1,21,2
4,60,4,1,17,0
4,61,9,1,37,0
4,62,6,1,25,0
4,63,4,1,17,0
4,64,5,1,21,1
4,65,11,1,45,1
4,66,5,1,21,1
4,67,4,1,17,0
4,68,4,1,17,0
4,69,4,1,17,1
4,70,4,1,17,1
4,71,5,1,21,0
4,72,5,1,21,1
4,73,5,1,21,1
4,74,8,1,33,0
4,75,4,1,17,1
4,76,6,1,25,0
4,77,4,1,17,0
4,78,4,1,17,2
4,79,9,1,37,1
4,80,4,1,17,0
4,81,4,1,17,1
4,82,5,1,21,0
4,83,9,1,37,2
4,84,4,1,17,1
4,85,7,1,29,0
4,86,6,1,25,0
4,87,5,1,21,1
4,88,7,1,29,0
4,89,5,1,21,0
4,90,5,1,21,0
4,91,7,1,29,1
4,92,4,1,17,1
4,93,5,1,21,0
4,94,4,1,17,1
4,95,4,1,17,1
4,96,4,1,17,0
4,97,5,1,21,0
4,98,6,1,25,0
4,99,4,1,17,1
4,100,5,1,21,1
4,101,5,1,21,1
4,102,5,1,21,0
4,103,5,1,21,0
4,104,5,1,21,0
4,105,4,1,17,0
4,106,4,1,17,1
4,107,4,1,17,0
4,108,8,1,33,1
4,109,8,1,33,0
4,110,10,1,41,0
4,111,4,1,17,0
4,112,4,1,17,0
4,113,8,1,33,1
4,114,6,1,25,3
4,115,4,1,17,0
4,116,4,1,17,0
4,117,5,1,21,0
4,118,7,1,29,0
4,119,4,1,17,1
4,120,7,1,29,0
4,121,4,1,17,0
4,122,7,1,29,1
4,123,5,1,21,1
4,124,6,1,25,0
4,125,6,1,25,0
4,126,5,1,21,1
4,127,5,1,21,1
4,128,5,1,21,1
4,129,5,1,21,1
4,130,8,1,33,2
4,131,4,1,17,2
4,132,5,1,21,1
4,133,8,1,33,1
4,134,8,1,33,0
4,135,5,1,21,0
4,136,5,1,21,1
4,137,5,1,21,1
4,138,5,1,21,1
4,139,5,1,21,0
4,140,5,1,21,3
4,141,6,1,25,0
4,142,4,1,17,0
4,143,5,1,21,0
4,144,8,1,33,0
4,145,4,1,17,2
4,146,4,1,17,0
4,147,4,1,17,1
4,148,4,1,17,0
4,149,5,1,21,0
4,150,4,1,17,1
4,151,4,1,17,1
4,152,4,1,17,0
4,153,5,1,21,1
4,154,4,1,17,1
4,155,4,1,17,0
4,156,9,1,37,0
4,157,6,1,25,0
4,158,5,1,21,0
4,159,4,1,17,0
4,160,7,1,29,0
4,161,4,1,17,3
4,162,6,1,25,0
4,163,5,1,21,1
4,164,6,1,25,1
4,165,4,1,17,1
4,166,6,1,25,1
4,167,7,1,29,0
4,168,5,1,21,0
4,169,4,1,17,1
4,170,5,1,21,0
4,171,5,1,21,0
4,172,4,1,17,1
4,173,4,1,17,1
4,174,4,1,17,2
4,175,8,1,33,0
4,176,9,1,37,0
4,177,6,1,25,1
4,178,4,1,17,0
4,179,4,1,17,0
4,180,5,1,21,1
4,181,5,1,21,1
4,182,4,1,17,1
4,183,6,1,25,0
4,184,11,1,45,0
4,185,5,1,21,0
4,186,4,1,17,0
4,187,4,1,17,1
4,188,4,1,17,0
4,189,5,1,21,0
4,190,6,1,25,1
4,191,5,1,21,0
4,192,7,1,29,2
4,193,5,1,21,0
4,194,5,1,21,0
4,195,6,1,25,0
4,196,7,1,29,0
4,197,9,1,37,0
4,198,4,1,17,0
4,199,6,1,25,1
6,0,7,1,29,2
6,1,8,1,33,2
6,2,9,1,37,1
6,3,6,1,25,1
6,4,7,1,29,4
6,5,7,1,29,0
6,6,6,1,25,1
6,7,10,1,41,1
6,8,7,1,29,1
6,9,6,1,25,1
6,10,8,1,33,2
6,11,8,1,33,0
6,12,7,1,29,0
6,13,6,1,25,0
6,14,6,1,25,0
6,15,12,1,49,1
6,16,6,1,25,4
6,17,6,1,25,1
6,18,8,1,33,0
6,19,9,1,37,3
6,20,8,1,33,1
6,21,9,1,37,1
6,22,6,1,25,1
6,23,7,1,29,0
6,24,7,1,29,1
6,25,8,1,33,1
6,26,10,1,41,1
6,27,7,1,29,0
6,28,9,1,37,1
6,29,13,1,53,0
6,30,8,1,33,0
6,31,8,1,33,1
6,32,6,1,25,0
6,33,7,1,29,2
6,34,6,1,25,0
6,35,8,1,33,3
6,36,8,1,33,0
6,37,6,1,25,0
6,38,8,1,33,0
6,39,10,1,41,1
6,40,7,1,29,1
6,41,9,1,37,1
6,42,7,1,29,0
6,43,6,1,25,1
6,44,7,1,29,0
6,45,12,1,49,2
6,46,7,1,29,0
6,47,8,1,33,0
6,48,7,1,29,2
6,49,6,1,25,2
6,50,7,1,29,0
6,51,10,1,41,3
6,52,9,1,37,1
6,53,8,1,33,1
6,54,8,1,33,2
6,55,10,1,41,2
6,56,9,1,37,4
6,57,8,1,33,0
6,58,10,1,41,1
6,59,11,1,45,1
6,60,8,1,33,2
6,61,7,1,29,0
6,62,6,1,25,1
6,63,7,1,29,0
6,64,6,1,25,3
6,65,7,1,29,0
6,66,6,1,25,1
6,67,7,1,29,3
6,68,10,1,41,0
6,69,7,1,29,0
6,70,8,1,33,2
6,71,10,1,41,1
6,72,12,1,49,0
6,73,11,1,45,1
6,74,10,1,41,1
6,75,10,1,41,1
6,76,9,1,37,0
6,77,8,1,33,2
6,78,7,1,29,0
6,79,8,1,33,0
6,80,8,1,33,0
6,81,8,1,33,0
6,82,6,1,25,0
6,83,6,1,25,0
6,84,6,1,25,0
6,85,0,0,-1,-1
6,86,8,1,33,0
6,87,8,1,33,0
6,88,6,1,25,0
6,89,6,1,25,1
6,90,11,1,45,0
6,91,9,1,37,0
6,92,8,1,33,1
6,93,6,1,25,1
6,94,7,1,29,0
6,95,8,1,33,0
6,96,9,1,37,1
6,97,6,1,25,1
6,98,7,1,29,1
6,99,10,1,41,0
6,100,10,1,41,0
6,101,6,1,25,0
6,102,6,1,25,2
6,103,7,1,29,1
6,104,8,1,33,0
6,105,6,1,25,0
6,106,8,1,33,0
6,107,6,1,25,0
6,108,10,1,41,1
6,109,7,1,29,0
6,110,8,1,33,1
6,111,6,1,25,3
6,112,6,1,25,1
6,113,11,1,45,0
6,114,6,1,25,0
6,115,6,1,25,3
6,116,7,1,29,0
6,117,7,1,29,1
6,118,10,1,41,0
6,119,7,1,29,1
6,120,8,1,33,0
6,121,8,1,33,1
6,122,8,1,33,3
6,123,7,1,29,3
6,124,8,1,33,4
6,125,7,1,29,2
6,126,11,1,45,0
6,127,6,1,25,1
6,128,7,1,29,0
6,129,11,1,45,0
6,130,9,1,37,2
6,131,6,1,25,2
6,132,6,1,25,0
6,133,7,1,29,1
6,134,0,0,-1,-1
6,135,6,1,25,0
6,136,6,1,25,1
6,137,8,1,33,1
6,138,6,1,25,0
6,139,6,1,25,0
6,140,7,1,29,1
6,141,7,1,29,0
6,142,8,1,33,0
6,143,7,1,29,3
6,144,11,1,45,0
6,145,7,1,29,2
6,146,7,1,29,0
6,147,7,1,29,1
6,148,6,1,25,0
6,149,6,1,25,1
6,150,6,1,25,2
6,151,7,1,29,0
6,152,8,1,33,1
6,153,8,1,33,1
6,154,6,1,25,1
6,155,10,1,41,1
6,156,9,1,37,1
6,157,11,1,45,0
6,158,6,1,25,1
6,159,7,1,29,0
6,160,7,1,29,1
6,161,8,1,33,1
6,162,6,1,25,1
6,163,7,1,29,1
6,164,9,1,37,2
6,165,9,1,37,0
6,166,8,1,33,0
6,167,6,1,25,0
6,168,6,1,25,0
6,169,6,1,25,2
6,170,7,1,29,2
6,171,6,1,25,1
6,172,7,1,29,3
6,173,7,1,29,0
6,174,8,1,33,1
6,175,7,1,29,0
6,176,6,1,25,0
6,177,7,1,29,0
6,178,7,1,29,0
6,179,7,1,29,3
6,180,6,1,25,1
6,181,6,1,25,1
6,182,7,1,29,2
6,183,7,1,29,1
6,184,6,1,25,0
6,185,6,1,25,0
6,186,9,1,37,0
6,187,7,1,29,1
6,188,7,1,29,1
6,189,6,1,25,0
6,190,7,1,29,1
6,191,7,1,29,0
6,192,6,1,25,1
6,193,6,1,25,1
6,194,7,1,29,1
6,195,11,1,45,1
6,196,6,1,25,0
6,197,6,1,25,2
6,198,8,1,33,1
6,199,7,1,29,0
8,0,10,1,41,1
8,1,9,1,37,1
8,2,11,1,45,0
8,3,9,1,37,1
8,4,9,1,37,2
8,5,9,1,37,0
8,6,8,1,33,2
8,7,8,1,33,1
8,8,8,1,33,0
8,9,9,1,37,1
8,10,9,1,37,1
8,11,9,1,37,0
8,12,11,1,45,1
8,13,8,1,33,1
8,14,9,1,37,1
8,15,9,1,37,3
8,16,9,1,37,1
8,17,10,1,41,1
8,18,12,1,49,2
8,19,8,1,33,2
8,20,8,1,33,2
8,21,10,1,41,0
8,22,8,1,33,3
8,23,8,1,33,1
8,24,9,1,37,1
8,25,9,1,37,2
8,26,10,1,41,1
8,27,12,1,49,2
8,28,8,1,33,1
8,29,9,1,37,0
8,30,11,1,45,2
8,31,10,1,41,0
8,32,12,1,49,0
8,33,10,1,41,0
8,34,9,1,37,2
8,35,9,1,37,2
8,36,10,1,41,0
8,37,8,1,33,1
8,38,8,1,33,0
8,39,8,1,33,0
8,40,8,1,33,2
8,41,8,1,33,3
8,42,8,1,33,0
8,43,8,1,33,6
8,44,8,1,33,0
8,45,10,1,41,3
8,46,10,1,41,1
8,47,10,1,41,1
8,48,12,1,49,2
8,49,8,1,33,3
8,50,9,1,37,1
8,51,9,1,37,1
8,52,11,1,45,1
8,53,8,1,33,1
8,54,9,1,37,1
8,55,9,1,37,2
8,56,9,1,37,1
8,57,12,1,49,2
8,58,8,1,33,2
8,59,11,1,45,1
8,60,11,1,45,1
8,61,10,1,41,1
8,62,9,1,37,3
8,63,10,1,41,0
8,64,9,1,37,2
8,65,9,1,37,1
8,66,9,1,37,2
8,67,8,1,33,0
8,68,8,1,33,2
8,69,10,1,41,2
8,70,10,1,41,4
8,71,9,1,37,1
8,72,8,1,33,3
8,73,10,1,41,1
8,74,9,1,37,1
8,75,10,1,41,1
8,76,10,1,41,0
8,77,8,1,33,0
8,78,8,1,33,2
8,79,14,1,57,2
8,80,8,1,33,1
8,81,10,1,41,2
8,82,8,1,33,2
8,83,12,1,49,0
8,84,8,1,33,1
8,85,8,1,33,1
8,86,8,1,33,1
8,87,8,1,33,1
8,88,10,1,41,4
8,89,11,1,45,0
8,90,9,1,37,0
8,91,8,1,33,1
8,92,8,1,33,0
8,93,12,1,49,2
8,94,10,1,41,1
8,95,8,1,33,1
8,96,9,1,37,0
8,97,8,1,33,0
8,98,8,1,33,0
8,99,9,1,37,2
8,100,10,1,41,3
8,101,9,1,37,0
8,102,8,1,33,1
8,103,9,1,37,2
8,104,8,1,33,2
8,105,8,1,33,2
8,106,8,1,33,1
8,107,8,1,33,1
8,108,8,1,33,2
8,109,14,1,57,1
8,110,12,1,49,0
8,111,8,1,33,0
8,112,13,1,53,1
8,113,8,1,33,1
8,114,8,1,33,0
8,115,11,1,45,2
8,116,10,1,41,0
8,117,10,1,41,2
8,118,10,1,41,1
8,119,8,1,33,3
8,120,9,1,37,2
8,121,12,1,49,1
8,122,10,1,41,1
8,123,9,1,37,0
8,124,10,1,41,1
8,125,9,1,37,0
8,126,8,1,33,1
8,127,10,1,41,0
8,128,13,1,53,3
8,129,9,1,37,5
8,130,9,1,37,1
8,131,8,1,33,3
8,132,13,1,53,3
8,133,11,1,45,2
8,134,8,1,33,1
8,135,10,1,41,0
8,136,9,1,37,2
8,137,12,1,49,1
8,138,9,1,37,2
8,139,8,1,33,0
8,140,8,1,33,0
8,141,9,1,37,2
8,142,8,1,33,1
8,143,9,1,37,1
8,144,8,1,33,3
8,145,9,1,37,3
8,146,8,1,33,0
8,147,12,1,49,2
8,148,8,1,33,1
8,149,9,1,37,2
8,150,8,1,33,1
8,151,9,1,37,2
8,152,9,1,37,0
8,153,8,1,33,0
8,154,9,1,37,0
8,155,9,1,37,3
8,156,11,1,45,2
8,157,9,1,37,0
8,158,9,1,37,1
8,159,8,1,33,0
8,160,10,1,41,2
8,161,16,1,65,1
8,162,9,1,37,1
8,163,10,1,41,1
8,164,10,1,41,1
8,165,8,1,33,1
8,166,13,1,53,1
8,167,8,1,33,1
8,168,9,1,37,2
8,169,10,1,41,4
8,170,8,1,33,3
8,171,8,1,33,2
8,172,8,1,33,0
8,173,8,1,33,0
8,174,10,1,41,0
8,175,9,1,37,1
8,176,8,1,33,1
8,177,9,1,37,0
8,178,8,1,33,0
8,179,8,1,33,1
8,180,9,1,37,0
8,181,8,1,33,0
8,182,9,1,37,0
8,183,12,1,49,2
8,184,9,1,37,2
8,185,9,1,37,0
8,186,10,1,41,1
8,187,8,1,33,2
8,188,11,1,45,0
8,189,8,1,33,2
8,190,13,1,53,1
8,191,9,1,37,1
8,192,12,1,49,0
8,193,11,1,45,0
8,194,15,1,61,2
8,195,8,1,33,0
8,196,10,1,41,2
8,197,9,1,37,0
8,198,9,1,37,1
8,199,9,1,37,3
12,0,14,1,57,1
12,1,13,1,53,1
12,2,12,1,49,4
12,3,0,0,-1,-1
12,4,15,1,61,0
12,5,15,1,61,2
12,6,15,1,61,2
12,7,12,1,49,0
12,8,13,1,53,0
12,9,16,1,65,0
12,10,14,1,57,0
12,11,13,1,53,2
12,12,15,1,61,0
12,13,15,1,61,3
12,14,13,1,53,1
12,15,14,1,57,4
12,16,13,1,53,4
12,17,15,1,61,1
12,18,14,1,57,3
12,19,17,1,69,4
12,20,15,1,61,3
12,21,14,1,57,0
12,22,13,1,53,1
12,23,12,1,49,1
12,24,12,1,49,1
12,25,12,1,49,3
12,26,12,1,49,3
12,27,12,1,49,2
12,28,15,1,61,1
12,29,14,1,57,2
12,30,14,1,57,2
12,31,16,1,65,2
12,32,17,1,69,1
12,33,12,1,49,2
12,34,15,1,61,1
12,35,13,1,53,2
12,36,12,1,49,3
12,37,12,1,49,1
12,38,16,1,65,3
12,39,16,1,65,1
12,40,13,1,53,1
12,41,12,1,49,1
12,42,12,1,49,2
12,43,12,1,49,2
12,44,13,1,53,2
12,45,12,1,49,1
12,46,14,1,57,4
12,47,14,1,57,0
12,48,16,1,65,2
12,49,13,1,53,0
12,50,17,1,69,0
12,51,14,1,57,2
12,52,13,1,53,1
12,53,15,1,61,0
12,54,15,1,61,0
12,55,14,1,57,1
12,56,19,1,77,1
12,57,12,1,49,3
12,58,15,1,61,2
12,59,13,1,53,1
12,60,13,1,53,1
12,61,12,1,49,2
12,62,15,1,61,1
12,63,12,1,49,0
12,64,13,1,53,3
12,65,13,1,53,1
12,66,14,1,57,3
12,67,14,1,57,0
12,68,13,1,53,0
12,69,12,1,49,6
12,70,13,1,53,3
12,71,14,1,57,0
12,72,13,1,53,1
12,73,13,1,53,1
12,74,14,1,57,2
12,75,14,1,57,2
12,76,14,1,57,0
12,77,13,1,53,2
12,78,12,1,49,0
12,79,12,1,49,1
12,80,16,1,65,4
12,81,12,1,49,1
12,82,15,1,61,0
12,83,12,1,49,2
12,84,12,1,49,1
12,85,14,1,57,1
12,86,13,1,53,1
12,87,12,1,49,1
12,88,15,1,61,3
12,89,12,1,49,2
12,90,12,1,49,1
12,91,14,1,57,1
12,92,15,1,61,3
12,93,18,1,73,2
12,94,12,1,49,1
12,95,14,1,57,0
12,96,13,1,53,1
12,97,14,1,57,3
12,98,15,1,61,4
12,99,12,1,49,0
12,100,12,1,49,1
12,101,13,1,53,2
12,102,12,1,49,0
12,103,14,1,57,3
12,104,12,1,49,2
12,105,13,1,53,1
12,106,13,1,53,4
12,107,13,1,53,1
12,108,12,1,49,1
12,109,12,1,49,1
12,110,13,1,53,5
12,111,12,1,49,3
12,112,12,1,49,4
12,113,14,1,57,3
12,114,13,1,53,1
12,115,12,1,49,0
12,116,14,1,57,3
12,117,13,1,53,2
12,118,12,1,49,2
12,119,13,1,53,0
12,120,13,1,53,3
12,121,12,1,49,3
12,122,18,1,73,2
12,123,12,1,49,2
12,124,13,1,53,1
12,125,14,1,57,2
12,126,14,1,57,3
12,127,15,1,61,0
12,128,13,1,53,0
12,129,13,1,53,1
12,130,12,1,49,1
12,131,15,1,61,2
12,132,12,1,49,2
12,133,12,1,49,1
12,134,12,1,49,3
12,135,14,1,57,2
12,136,12,1,49,2
12,137,14,1,57,0
12,138,13,1,53,1
12,139,13,1,53,0
12,140,14,1,57,1
12,141,17,1,69,2
12,142,12,1,49,0
12,143,12,1,49,1
12,144,14,1,57,1
12,145,14,1,57,1
12,146,16,1,65,2
12,147,13,1,53,1
12,148,12,1,49,1
12,149,14,1,57,5
12,150,13,1,53,2
12,151,12,1,49,2
12,152,13,1,53,3
12,153,15,1,61,6
12,154,15,1,61,3
12,155,13,1,53,1
12,156,13,1,53,1
12,157,15,1,61,2
12,158,12,1,49,0
12,159,14,1,57,2
12,160,13,1,53,0
12,161,13,1,53,2
12,162,12,1,49,2
12,163,12,1,49,1
12,164,14,1,57,0
12,165,15,1,61,4
12,166,13,1,53,3
12,167,15,1,61,1
12,168,14,1,57,1
12,169,14,1,57,0
12,170,12,1,49,2
12,171,13,1,53,2
12,172,14,1,57,1
12,173,12,1,49,4
12,174,13,1,53,2
12,175,12,1,49,1
12,176,16,1,65,3
12,177,14,1,57,2
12,178,15,1,61,1
12,179,13,1,53,0
12,180,13,1,53,3
12,181,12,1,49,0
12,182,12,1,49,2
12,183,12,1,49,3
12,184,13,1,53,2
12,185,12,1,49,1
12,186,13,1,53,2
12,187,13,1,53,2
12,188,13,1,53,2
12,189,16,1,65,2
12,190,18,1,73,2
12,191,14,1,57,2
12,192,17,1,69,0
12,193,13,1,53,0
12,194,15,1,61,0
12,195,12,1,49,2
12,196,13,1,53,1
12,197,13,1,53,2
12,198,14,1,57,3
12,199,12,1,49,1
16,0,17,1,69,0
16,1,17,1,69,2
16,2,18,1,73,2
16,3,18,1,73,1
16,4,19,1,77,1
16,5,19,1,77,1
16,6,19,1,77,2
16,7,17,1,69,0
16,8,17,1,69,4
16,9,16,1,65,2
16,10,16,1,65,0
16,11,18,1,73,1
16,12,18,1,73,4
16,13,17,1,69,2
16,14,18,1,73,3
16,15,22,1,89,2
16,16,18,1,73,3
16,17,19,1,77,2
16,18,18,1,73,3
16,19,19,1,77,1
16,20,17,1,69,2
16,21,21,1,85,0
16,22,16,1,65,2
16,23,17,1,69,3
16,24,17,1,69,1
16,25,17,1,69,3
16,26,17,1,69,1
16,27,19,1,77,2
16,28,16,1,65,1
16,29,17,1,69,1
16,30,20,1,81,4
16,31,21,1,85,3
16,32,16,1,65,0
16,33,17,1,69,2
16,34,16,1,65,0
16,35,19,1,77,3
16,36,20,1,81,2
16,37,19,1,77,2
16,38,18,1,73,0
16,39,19,1,77,5
16,40,17,1,69,5
16,41,23,1,93,1
16,42,18,1,73,0
16,43,18,1,73,1
16,44,20,1,81,4
16,45,17,1,69,1
16,46,17,1,69,5
16,47,16,1,65,2
16,48,20,1,81,2
16,49,17,1,69,1
16,50,16,1,65,3
16,51,19,1,77,7
16,52,20,1,81,6
16,53,17,1,69,5
16,54,17,1,69,4
16,55,16,1,65,2
16,56,17,1,69,0
16,57,16,1,65,0
16,58,19,1,77,1
16,59,22,1,89,1
16,60,16,1,65,2
16,61,18,1,73,3
16,62,17,1,69,0
16,63,17,1,69,3
16,64,19,1,77,6
16,65,16,1,65,5
16,66,17,1,69,3
16,67,16,1,65,1
16,68,16,1,65,5
16,69,17,1,69,1
16,70,17,1,69,1
16,71,17,1,69,4
16,72,18,1,73,1
16,73,18,1,73,5
16,74,18,1,73,1
16,75,16,1,65,2
16,76,16,1,65,5
16,77,18,1,73,2
16,78,18,1,73,4
16,79,17,1,69,1
16,80,18,1,73,1
16,81,21,1,85,1
16,82,19,1,77,3
16,83,16,1,65,5
16,84,20,1,81,2
16,85,18,1,73,2
16,86,16,1,65,1
16,87,20,1,81,4
16,88,16,1,65,0
16,89,19,1,77,4
16,90,16,1,65,2
16,91,18,1,73,3
16,92,16,1,65,0
16,93,16,1,65,1
16,94,17,1,69,3
16,95,18,1,73,1
16,96,16,1,65,2
16,97,17,1,69,0
16,98,18,1,73,5
16,99,17,1,69,0
16,100,17,1,69,1
16,101,17,1,69,4
16,102,18,1,73,3
16,103,19,1,77,1
16,104,16,1,65,2
16,105,17,1,69,2
16,106,16,1,65,2
16,107,18,1,73,3
16,108,18,1,73,4
16,109,16,1,65,2
16,110,16,1,65,4
16,111,18,1,73,3
16,112,17,1,69,1
16,113,18,1,73,6
16,114,19,1,77,2
16,115,24,1,97,1
16,116,17,1,69,2
16,117,17,1,69,1
16,118,17,1,69,4
16,119,16,1,65,4
16,120,17,1,69,1
16,121,16,1,65,2
16,122,18,1,73,2
16,123,20,1,81,2
16,124,16,1,65,2
16,125,16,1,65,3
16,126,16,1,65,0
16,127,18,1,73,3
16,128,17,1,69,2
16,129,17,1,69,2
16,130,18,1,73,3
16,131,19,1,77,2
16,132,17,1,69,2
16,133,20,1,81,1
16,134,16,1,65,1
16,135,20,1,81,7
16,136,20,1,81,6
16,137,18,1,73,6
16,138,17,1,69,2
16,139,16,1,65,0
16,140,16,1,65,0
16,141,16,1,65,9
16,142,17,1,69,1
16,143,17,1,69,1
16,144,17,1,69,1
16,145,16,1,65,8
16,146,20,1,81,1
16,147,19,1,77,0
16,148,21,1,85,2
16,149,18,1,73,4
16,150,17,1,69,2
16,151,19,1,77,1
16,152,17,1,69,0
16,153,16,1,65,3
16,154,16,1,65,2
16,155,17,1,69,2
16,156,17,1,69,2
16,157,18,1,73,0
16,158,16,1,65,4
16,159,17,1,69,2
16,160,20,1,81,3
16,161,17,1,69,3
16,162,18,1,73,1
16,163,17,1,69,2
16,164,17,1,69,2
16,165,17,1,69,0
16,166,18,1,73,1
16,167,16,1,65,2
16,168,18,1,73,5
16,169,18,1,73,3
16,170,18,1,73,2
16,171,17,1,69,2
16,172,16,1,65,3
16,173,20,1,81,4
16,174,16,1,65,1
16,175,17,1,69,2
16,176,17,1,69,6
16,177,18,1,73,1
16,178,16,1,65,1
16,179,16,1,65,4
16,180,17,1,69,4
16,181,21,1,85,2
16,182,16,1,65,1
16,183,16,1,65,2
16,184,18,1,73,1
16,185,17,1,69,0
16,186,21,1,85,2
16,187,17,1,69,2
16,188,19,1,77,1
16,189,17,1,69,1
16,190,18,1,73,1
16,191,16,1,65,4
16,192,16,1,65,2
16,193,21,1,85,1
16,194,18,1,73,2
16,195,17,1,69,3
16,196,17,1,69,4
16,197,18,1,73,5
16,198,17,1,69,1
16,199,19,1,77,1
24,0,25,1,101,2
24,1,24,1,97,3
24,2,24,1,97,2
24,3,28,1,113,1
24,4,25,1,101,3
24,5,26,1,105,3
24,6,27,1,109,3
24,7,29,1,117,3
24,8,27,1,109,4
24,9,25,1,101,2
24,10,25,1,101,3
24,11,26,1,105,3
24,12,26,1,105,2
24,13,29,1,117,1
24,14,24,1,97,4
24,15,24,1,97,3
24,16,32,1,129,2
24,17,27,1,109,3
24,18,24,1,97,5
24,19,24,1,97,6
24,20,26,1,105,3
24,21,26,1,105,4
24,22,28,1,113,4
24,23,24,1,97,9
24,24,25,1,101,9
24,25,24,1,97,3
24,26,25,1,101,5
24,27,24,1,97,2
24,28,26,1,105,0
24,29,26,1,105,1
24,30,25,1,101,2
24,31,25,1,101,3
24,32,28,1,113,5
24,33,27,1,109,0
24,34,26,1,105,4
24,35,26,1,105,2
24,36,27,1,109,5
24,37,24,1,97,3
24,38,28,1,113,4
24,39,24,1,97,4
24,40,24,1,97,1
24,41,24,1,97,2
24,42,24,1,97,2
24,43,24,1,97,4
24,44,26,1,105,2
24,45,26,1,105,5
24,46,27,1,109,7
24,47,24,1,97,2
24,48,24,1,97,6
24,49,24,1,97,7
24,50,24,1,97,4
24,51,27,1,109,4
24,52,24,1,97,1
24,53,28,1,113,3
24,54,24,1,97,5
24,55,25,1,101,6
24,56,27,1,109,6
24,57,27,1,109,8
24,58,24,1,97,4
24,59,25,1,101,1
24,60,26,1,105,1
24,61,26,1,105,3
24,62,25,1,101,3
24,63,26,1,105,2
24,64,25,1,101,3
24,65,24,1,97,6
24,66,25,1,101,1
24,67,26,1,105,8
24,68,26,1,105,4
24,69,24,1,97,3
24,70,25,1,101,7
24,71,29,1,117,3
24,72,27,1,109,3
24,73,25,1,101,3
24,74,29,1,117,3
24,75,24,1,97,4
24,76,30,1,121,4
24,77,29,1,117,3
24,78,25,1,101,2
24,79,27,1,109,9
24,80,24,1,97,2
24,81,24,1,97,4
24,82,25,1,101,2
24,83,27,1,109,2
24,84,25,1,101,6
24,85,26,1,105,5
24,86,26,1,105,6
24,87,25,1,101,3
24,88,28,1,113,4
24,89,26,1,105,4
24,90,24,1,97,1
24,91,25,1,101,4
24,92,25,1,101,2
24,93,24,1,97,6
24,94,25,1,101,5
24,95,25,1,101,4
24,96,26,1,105,1
24,97,24,1,97,3
24,98,26,1,105,6
24,99,24,1,97,1
24,100,25,1,101,0
24,101,26,1,105,3
24,102,26,1,105,2
24,103,25,1,101,1
24,104,25,1,101,11
24,105,26,1,105,0
24,106,25,1,101,3
24,107,26,1,105,5
24,108,25,1,101,4
24,109,27,1,109,2
24,110,25,1,101,2
24,111,27,1,109,2
24,112,24,1,97,2
24,113,28,1,113,4
24,114,25,1,101,11
24,115,26,1,105,2
24,116,30,1,121,4
24,117,25,1,101,5
24,118,25,1,101,5
24,119,25,1,101,6
24,120,24,1,97,4
24,121,28,1,113,3
24,122,25,1,101,4
24,123,25,1,101,8
24,124,26,1,105,0
24,125,25,1,101,5
24,126,28,1,113,3
24,127,24,1,97,1
24,128,24,1,97,1
24,129,29,1,117,0
24,130,0,0,-1,-1
24,131,25,1,101,4
24,132,25,1,101,4
24,133,28,1,113,4
24,134,28,1,113,2
24,135,27,1,109,0
24,136,24,1,97,3
24,137,29,1,117,5
24,138,25,1,101,5
24,139,26,1,105,3
24,140,25,1,101,0
24,141,25,1,101,4
24,142,26,1,105,1
24,143,27,1,109,2
24,144,24,1,97,1
24,145,24,1,97,3
24,146,25,1,101,3
24,147,25,1,101,6
24,148,25,1,101,1
24,149,25,1,101,5
24,150,28,1,113,2
24,151,27,1,109,5
24,152,24,1,97,3
24,153,26,1,105,6
24,154,26,1,105,1
24,155,24,1,97,3
24,156,25,1,101,5
24,157,25,1,101,5
24,158,29,1,117,8
24,159,29,1,117,3
24,160,25,1,101,7
24,161,25,1,101,1
24,162,25,1,101,3
24,163,24,1,97,3
24,164,24,1,97,2
24,165,25,1,101,1
24,166,24,1,97,8
24,167,26,1,105,3
24,168,24,1,97,4
24,169,24,1,97,3
24,170,29,1,117,3
24,171,24,1,97,4
24,172,24,1,97,2
24,173,27,1,109,4
24,174,24,1,97,2
24,175,27,1,109,5
24,176,24,1,97,8
24,177,27,1,109,2
24,178,26,1,105,1
24,179,25,1,101,5
24,180,27,1,109,3
24,181,25,1,101,5
24,182,30,1,121,3
24,183,25,1,101,4
24,184,24,1,97,1
24,185,25,1,101,1
24,186,28,1,113,5
24,187,25,1,101,2
24,188,0,0,-1,-1
24,189,27,1,109,2
24,190,24,1,97,6
24,191,24,1,97,1
24,192,26,1,105,3
24,193,24,1,97,6
24,194,26,1,105,2
24,195,25,1,101,6
24,196,28,1,113,1
24,197,25,1,101,1
24,198,25,1,101,4
24,199,26,1,105,5
32,0,32,1,129,5
32,1,33,1,133,3
32,2,34,1,137,3
32,3,34,1,137,5
32,4,33,1,133,8
32,5,34,1,137,6
32,6,34,1,137,4
32,7,33,1,133,5
32,8,39,1,157,6
32,9,33,1,133,8
32,10,36,1,145,4
32,11,40,1,161,4
32,12,35,1,141,2
32,13,32,1,129,3
32,14,33,1,133,9
32,15,34,1,137,6
32,16,33,1,133,8
32,17,33,1,133,4
32,18,34,1,137,3
32,19,33,1,133,5
32,20,33,1,133,7
32,21,33,1,133,2
32,22,32,1,129,2
32,23,33,1,133,3
32,24,34,1,137,5
32,25,33,1,133,8
32,26,34,1,137,6
32,27,33,1,133,5
32,28,32,1,129,2
32,29,34,1,137,4
32,30,34,1,137,4
32,31,33,1,133,8
32,32,32,1,129,4
32,33,33,1,133,3
32,34,33,1,133,8
32,35,34,1,137,5
32,36,36,1,145,1
32,37,39,1,157,3
32,38,34,1,137,1
32,39,33,1,133,3
32,40,36,1,145,7
32,41,34,1,137,11
32,42,39,1,157,8
32,43,33,1,133,6
32,44,34,1,137,4
32,45,33,1,133,5
32,46,33,1,133,5
32,47,33,1,133,7
32,48,32,1,129,2
32,49,32,1,129,7
32,50,33,1,133,6
32,51,38,1,153,10
32,52,33,1,133,4
32,53,32,1,129,2
32,54,35,1,141,1
32,55,34,1,137,4
32,56,32,1,129,2
32,57,32,1,129,4
32,58,33,1,133,9
32,59,32,1,129,7
32,60,32,1,129,4
32,61,35,1,141,7
32,62,33,1,133,4
32,63,35,1,141,4
32,64,34,1,137,2
32,65,33,1,133,4
32,66,37,1,149,8
32,67,33,1,133,10
32,68,36,1,145,7
32,69,33,1,133,10
32,70,32,1,129,4
32,71,37,1,149,5
32,72,32,1,129,3
32,73,34,1,137,4
32,74,33,1,133,8
32,75,32,1,129,4
32,76,33,1,133,3
32,77,34,1,137,7
32,78,34,1,137,2
32,79,33,1,133,3
32,80,33,1,133,4
32,81,37,1,149,3
32,82,35,1,141,5
32,83,32,1,129,2
32,84,33,1,133,8
32,85,34,1,137,4
32,86,33,1,133,5
32,87,37,1,149,2
32,88,33,1,133,5
32,89,34,1,137,6
32,90,35,1,141,4
32,91,36,1,145,7
32,92,32,1,129,6
32,93,32,1,129,4
32,94,33,1,133,6
32,95,34,1,137,4
32,96,32,1,129,7
32,97,37,1,149,7
32,98,34,1,137,1
32,99,35,1,141,0
32,100,35,1,141,3
32,101,34,1,137,4
32,102,32,1,129,2
32,103,34,1,137,4
32,104,35,1,141,2
32,105,34,1,137,5
32,106,34,1,137,7
32,107,33,1,133,4
32,108,33,1,133,6
32,109,33,1,133,8
32,110,32,1,129,7
32,111,36,1,145,7
32,112,34,1,137,4
32,113,33,1,133,3
32,114,33,1,133,5
32,115,33,1,133,6
32,116,32,1,129,3
32,117,32,1,129,4
32,118,32,1,129,3
32,119,32,1,129,3
32,120,32,1,129,4
32,121,35,1,141,8
32,122,34,1,137,6
32,123,36,1,145,7
32,124,32,1,129,7
32,125,32,1,129,8
32,126,37,1,149,1
32,127,38,1,153,3
32,128,34,1,137,4
32,129,33,1,133,2
32,130,32,1,129,1
32,131,33,1,133,3
32,132,33,1,133,6
32,133,32,1,129,5
32,134,33,1,133,8
32,135,33,1,133,3
32,136,33,1,133,5
32,137,32,1,129,5
32,138,33,1,133,5
32,139,34,1,137,4
32,140,35,1,141,4
32,141,33,1,133,4
32,142,32,1,129,5
32,143,38,1,153,11
32,144,35,1,141,3
32,145,32,1,129,8
32,146,35,1,141,1
32,147,32,1,129,1
32,148,32,1,129,7
32,149,32,1,129,3
32,150,33,1,133,7
32,151,33,1,133,4
32,152,32,1,129,4
32,153,32,1,129,6
32,154,32,1,129,5
32,155,35,1,141,4
32,156,36,1,145,3
32,157,34,1,137,7
32,158,35,1,141,6
32,159,37,1,149,4
32,160,32,1,129,2
32,161,34,1,137,4
32,162,33,1,133,5
32,163,34,1,137,8
32,164,34,1,137,10
32,165,33,1,133,4
32,166,32,1,129,6
32,167,34,1,137,3
32,168,34,1,137,7
32,169,33,1,133,2
32,170,34,1,137,3
32,171,35,1,141,10
32,172,32,1,129,12
32,173,35,1,141,2
32,174,32,1,129,4
32,175,32,1,129,4
32,176,33,1,133,6
32,177,32,1,129,3
32,178,32,1,129,3
32,179,33,1,133,6
32,180,35,1,141,2
32,181,32,1,129,4
32,182,33,1,133,5
32,183,33,1,133,5
32,184,37,1,149,5
32,185,32,1,129,6
32,186,38,1,153,5
32,187,34,1,137,5
32,188,37,1,149,5
32,189,33,1,133,3
32,190,36,1,145,8
32,191,32,1,129,2
32,192,33,1,133,6
32,193,35,1,141,3
32,194,32,1,129,2
32,195,36,1,145,4
32,196,32,1,129,0
32,197,33,1,133,0
32,198,33,1,133,5
32,199,34,1,137,3
48,0,48,1,193,8
48,1,48,1,193,9
48,2,48,1,193,8
48,3,49,1,197,9
48,4,49,1,197,6
48,5,50,1,201,7
48,6,48,1,193,5
48,7,49,1,197,10
48,8,51,1,205,14
48,9,53,1,213,5
48,10,49,1,197,7
48,11,52,1,209,8
48,12,51,1,205,5
48,13,48,1,193,7
48,14,49,1,197,5
48,15,49,1,197,11
48,16,56,1,225,8
48,17,49,1,197,5
48,18,48,1,193,5
48,19,48,1,193,2
48,20,48,1,193,8
48,21,51,1,205,5
48,22,52,1,209,3
48,23,48,1,193,6
48,24,54,1,217,4
48,25,48,1,193,8
48,26,49,1,197,3
48,27,49,1,197,7
48,28,50,1,201,7
48,29,49,1,197,6
48,30,52,1,209,8
48,31,48,1,193,9
48,32,50,1,201,8
48,33,53,1,213,4
48,34,48,1,193,8
48,35,50,1,201,12
48,36,48,1,193,10
48,37,48,1,193,7
48,38,51,1,205,7
48,39,52,1,209,6
48,40,51,1,205,17
48,41,53,1,213,9
48,42,49,1,197,13
48,43,48,1,193,9
48,44,48,1,193,4
48,45,56,1,225,4
48,46,49,1,197,6
48,47,49,1,197,6
48,48,49,1,197,5
48,49,49,1,197,8
48,50,55,1,221,7
48,51,48,1,193,3
48,52,51,1,205,9
48,53,49,1,197,5
48,54,50,1,201,12
48,55,49,1,197,7
48,56,50,1,201,3
48,57,53,1,213,10
48,58,50,1,201,11
48,59,48,1,193,7
48,60,48,1,193,3
48,61,53,1,213,6
48,62,50,1,201,5
48,63,55,1,221,12
48,64,49,1,197,8
48,65,49,1,197,6
48,66,51,1,205,4
48,67,50,1,201,3
48,68,49,1,197,2
48,69,51,1,205,5
48,70,48,1,193,6
48,71,50,1,201,9
48,72,49,1,197,8
48,73,50,1,201,7
48,74,49,1,197,11
48,75,51,1,205,10
48,76,51,1,205,6
48,77,49,1,197,7
48,78,48,1,193,6
48,79,49,1,197,6
48,80,48,1,193,6
48,81,48,1,193,7
48,82,52,1,209,10
48,83,49,1,197,6
48,84,50,1,201,7
48,85,48,1,193,8
48,86,48,1,193,9
48,87,51,1,205,6
48,88,49,1,197,3
48,89,50,1,201,4
48,90,49,1,197,10
48,91,48,1,193,6
48,92,49,1,197,11
48,93,49,1,197,10
48,94,51,1,205,5
48,95,49,1,197,8
48,96,50,1,201,6
48,97,51,1,205,5
48,98,49,1,197,8
48,99,49,1,197,12
48,100,49,1,197,4
48,101,52,1,209,5
48,102,51,1,205,5
48,103,50,1,201,4
48,104,51,1,205,12
48,105,49,1,197,9
48,106,49,1,197,8
48,107,52,1,209,5
48,108,48,1,193,10
48,109,49,1,197,4
48,110,49,1,197,8
48,111,49,1,197,6
48,112,51,1,205,7
48,113,50,1,201,4
48,114,51,1,205,4
48,115,50,1,201,3
48,116,49,1,197,5
48,117,49,1,197,8
48,118,49,1,197,7
48,119,48,1,193,4
48,120,49,1,197,4
48,121,49,1,197,9
48,122,48,1,193,5
48,123,56,1,225,2
48,124,48,1,193,6
48,125,48,1,193,12
48,126,52,1,209,6
48,127,49,1,197,6
48,128,48,1,193,9
48,129,48,1,193,4
48,130,49,1,197,7
48,131,51,1,205,3
48,132,48,1,193,13
48,133,48,1,193,7
48,134,51,1,205,3
48,135,48,1,193,8
48,136,50,1,201,2
48,137,48,1,193,4
48,138,48,1,193,10
48,139,49,1,197,2
48,140,48,1,193,7
48,141,49,1,197,7
48,142,52,1,209,12
48,143,48,1,193,8
48,144,48,1,193,6
48,145,48,1,193,6
48,146,51,1,205,5
48,147,48,1,193,11
48,148,48,1,193,9
48,149,49,1,197,4
48,150,50,1,201,8
48,151,49,1,197,11
48,152,48,1,193,17
48,153,50,1,201,7
48,154,48,1,193,7
48,155,50,1,201,7
48,156,48,1,193,5
48,157,48,1,193,9
48,158,48,1,193,13
48,159,48,1,193,4
48,160,48,1,193,14
48,161,48,1,193,3
48,162,49,1,197,5
48,163,48,1,193,10
48,164,51,1,205,4
48,165,52,1,209,7
48,166,48,1,193,8
48,167,48,1,193,5
48,168,49,1,197,9
48,169,49,1,197,7
48,170,49,1,197,6
48,171,50,1,201,11
48,172,49,1,197,6
48,173,53,1,213,4
48,174,52,1,209,5
48,175,49,1,197,11
48,176,49,1,197,13
48,177,49,1,197,8
48,178,50,1,201,2
48,179,54,1,217,4
48,180,48,1,193,6
48,181,50,1,201,8
48,182,52,1,209,9
48,183,50,1,201,8
48,184,50,1,201,7
48,185,48,1,193,10
48,186,48,1,193,1
48,187,50,1,201,6
48,188,49,1,197,5
48,189,49,1,197,2
48,190,54,1,217,5
48,191,51,1,205,4
48,192,48,1,193,7
48,193,49,1,197,16
48,194,48,1,193,11
48,195,48,1,193,13
48,196,52,1,209,8
48,197,48,1,193,1
48,198,51,1,205,10
48,199,48,1,193,9
64,0,66,1,265,8
64,1,65,1,261,12
64,2,69,1,277,9
64,3,64,1,257,11
64,4,65,1,261,9
64,5,68,1,273,12
64,6,64,1,257,7
64,7,66,1,265,6
64,8,64,1,257,10
64,9,67,1,269,8
64,10,66,1,265,6
64,11,64,1,257,6
64,12,64,1,257,12
64,13,66,1,265,17
64,14,64,1,257,13
64,15,68,1,273,13
64,16,66,1,265,10
64,17,65,1,261,10
64,18,64,1,257,12
64,19,66,1,265,9
64,20,66,1,265,17
64,21,67,1,269,10
64,22,64,1,257,2
64,23,68,1,273,10
64,24,64,1,257,8
64,25,67,1,269,7
64,26,66,1,265,11
64,27,64,1,257,13
64,28,66,1,265,6
64,29,65,1,261,6
64,30,65,1,261,13
64,31,69,1,277,17
64,32,66,1,265,10
64,33,67,1,269,11
64,34,64,1,257,12
64,35,68,1,273,12
64,36,66,1,265,12
64,37,64,1,257,18
64,38,65,1,261,6
64,39,65,1,261,12
64,40,64,1,257,17
64,41,64,1,257,6
64,42,65,1,261,8
64,43,66,1,265,12
64,44,66,1,265,10
64,45,65,1,261,12
64,46,64,1,257,10
64,47,69,1,277,13
64,48,65,1,261,13
64,49,64,1,257,14
64,50,67,1,269,12
64,51,66,1,265,8
64,52,64,1,257,7
64,53,69,1,277,9
64,54,65,1,261,13
64,55,64,1,257,8
64,56,66,1,265,8
64,57,65,1,261,14
64,58,65,1,261,5
64,59,64,1,257,3
64,60,68,1,273,11
64,61,64,1,257,5
64,62,64,1,257,12
64,63,65,1,261,12
64,64,64,1,257,14
64,65,65,1,261,15
64,66,66,1,265,10
64,67,65,1,261,6
64,68,66,1,265,9
64,69,66,1,265,10
64,70,66,1,265,8
64,71,65,1,261,9
64,72,68,1,273,7
64,73,66,1,265,13
64,74,64,1,257,7
64,75,66,1,265,14
64,76,65,1,261,5
64,77,65,1,261,5
64,78,66,1,265,11
64,79,64,1,257,4
64,80,66,1,265,12
64,81,65,1,261,5
64,82,65,1,261,12
64,83,64,1,257,14
64,84,66,1,265,7
64,85,64,1,257,13
64,86,64,1,257,8
64,87,65,1,261,13
64,88,64,1,257,7
64,89,64,1,257,8
64,90,71,1,285,4
64,91,64,1,257,12
64,92,64,1,257,10
64,93,66,1,265,11
64,94,65,1,261,7
64,95,66,1,265,9
64,96,69,1,277,9
64,97,64,1,257,7
64,98,65,1,261,12
64,99,65,1,261,7
64,100,69,1,277,7
64,101,64,1,257,6
64,102,66,1,265,5
64,103,67,1,269,6
64,104,65,1,261,7
64,105,67,1,269,8
64,106,68,1,273,6
64,107,64,1,257,9
64,108,64,1,257,18
64,109,64,1,257,6
64,110,66,1,265,4
64,111,65,1,261,13
64,112,64,1,257,8
64,113,66,1,265,3
64,114,65,1,261,9
64,115,66,1,265,20
64,116,64,1,257,8
64,117,69,1,277,2
64,118,68,1,273,10
64,119,64,1,257,6
64,120,64,1,257,8
64,121,67,1,269,9
64,122,64,1,257,9
64,123,65,1,261,4
64,124,64,1,257,16
64,125,67,1,269,9
64,126,66,1,265,8
64,127,66,1,265,12
64,128,64,1,257,9
64,129,64,1,257,10
64,130,64,1,257,11
64,131,65,1,261,10
64,132,64,1,257,8
64,133,65,1,261,13
64,134,66,1,265,8
64,135,66,1,265,6
64,136,66,1,265,8
64,137,66,1,265,10
64,138,66,1,265,5
64,139,65,1,261,13
64,140,64,1,257,4
64,141,66,1,265,6
64,142,65,1,261,11
64,143,64,1,257,14
64,144,64,1,257,14
64,145,68,1,273,11
64,146,68,1,273,7
64,147,64,1,257,10
64,148,65,1,261,12
64,149,64,1,257,5
64,150,66,1,265,7
64,151,66,1,265,8
64,152,66,1,265,5
64,153,65,1,261,9
64,154,66,1,265,12
64,155,65,1,261,7
64,156,64,1,257,12
64,157,67,1,269,7
64,158,64,1,257,7
64,159,65,1,261,10
64,160,65,1,261,12
64,161,66,1,265,9
64,162,67,1,269,12
64,163,68,1,273,8
64,164,65,1,261,9
64,165,65,1,261,8
64,166,66,1,265,10
64,167,65,1,261,13
64,168,67,1,269,9
64,169,64,1,257,14
64,170,64,1,257,12
64,171,66,1,265,8
64,172,65,1,261,13
64,173,65,1,261,4
64,174,64,1,257,13
64,175,64,1,257,12
64,176,65,1,261,10
64,177,70,1,281,11
64,178,64,1,257,8
64,179,67,1,269,3
64,180,65,1,261,12
64,181,68,1,273,12
64,182,65,1,261,14
64,183,65,1,261,9
64,184,70,1,281,8
64,185,66,1,265,7
64,186,64,1,257,11
64,187,66,1,265,12
64,188,66,1,265,16
64,189,68,1,273,8
64,190,66,1,265,15
64,191,64,1,257,5
64,192,68,1,273,14
64,193,64,1,257,24
64,194,66,1,265,9
64,195,66,1,265,7
64,196,65,1,261,12
64,197,64,1,257,12
64,198,65,1,261,5
64,199,64,1,257,5
96,0,98,1,393,14
96,1,97,1,389,19
96,2,100,1,401,11
96,3,102,1,409,11
96,4,98,1,393,14
96,5,96,1,385,17
96,6,96,1,385,20
96,7,98,1,393,9
96,8,98,1,393,16
96,9,100,1,401,14
96,10,96,1,385,18
96,11,100,1,401,13
96,12,99,1,397,21
96,13,99,1,397,14
96,14,96,1,385,12
96,15,99,1,397,16
96,16,98,1,393,21
96,17,96,1,385,11
96,18,99,1,397,17
96,19,99,1,397,15
96,20,99,1,397,22
96,21,96,1,385,14
96,22,97,1,389,13
96,23,96,1,385,11
96,24,96,1,385,13
96,25,97,1,389,8
96,26,99,1,397,15
96,27,96,1,385,11
96,28,103,1,413,13
96,29,97,1,389,19
96,30,97,1,389,13
96,31,96,1,385,9
96,32,99,1,397,15
96,33,97,1,389,17
96,34,96,1,385,20
96,35,97,1,389,18
96,36,96,1,385,12
96,37,96,1,385,19
96,38,96,1,385,11
96,39,97,1,389,14
96,40,97,1,389,9
96,41,99,1,397,17
96,42,98,1,393,16
96,43,96,1,385,14
96,44,96,1,385,11
96,45,99,1,397,15
96,46,99,1,397,11
96,47,98,1,393,12
96,48,96,1,385,6
96,49,97,1,389,10
96,50,96,1,385,6
96,51,98,1,393,21
96,52,97,1,389,25
96,53,99,1,397,19
96,54,99,1,397,11
96,55,99,1,397,19
96,56,99,1,397,13
96,57,96,1,385,18
96,58,97,1,389,9
96,59,98,1,393,15
96,60,97,1,389,15
96,61,99,1,397,16
96,62,97,1,389,12
96,63,96,1,385,17
96,64,97,1,389,11
96,65,96,1,385,22
96,66,98,1,393,19
96,67,97,1,389,7
96,68,97,1,389,15
96,69,98,1,393,20
96,70,100,1,401,14
96,71,96,1,385,13
96,72,96,1,385,29
96,73,96,1,385,9
96,74,98,1,393,22
96,75,103,1,413,11
96,76,96,1,385,19
96,77,96,1,385,13
96,78,100,1,401,12
96,79,96,1,385,20
96,80,101,1,405,15
96,81,96,1,385,19
96,82,99,1,397,5
96,83,98,1,393,16
96,84,97,1,389,19
96,85,98,1,393,16
96,86,96,1,385,8
96,87,96,1,385,15
96,88,98,1,393,15
96,89,96,1,385,10
96,90,98,1,393,11
96,91,96,1,385,15
96,92,97,1,389,14
96,93,96,1,385,21
96,94,99,1,397,11
96,95,97,1,389,11
96,96,100,1,401,9
96,97,97,1,389,12
96,98,98,1,393,13
96,99,98,1,393,15
96,100,98,1,393,11
96,101,96,1,385,19
96,102,101,1,405,20
96,103,97,1,389,10
96,104,100,1,401,17
96,105,99,1,397,22
96,106,98,1,393,17
96,107,98,1,393,9
96,108,97,1,389,12
96,109,96,1,385,13
96,110,96,1,385,16
96,111,99,1,397,12
96,112,96,1,385,21
96,113,96,1,385,8
96,114,97,1,389,19
96,115,96,1,385,10
96,116,99,1,397,15
96,117,97,1,389,10
96,118,101,1,405,7
96,119,98,1,393,22
96,120,98,1,393,14
96,121,96,1,385,17
96,122,100,1,401,20
96,123,99,1,397,7
96,124,97,1,389,18
96,125,97,1,389,13
96,126,99,1,397,8
96,127,98,1,393,15
96,128,97,1,389,5
96,129,97,1,389,8
96,130,98,1,393,17
96,131,96,1,385,16
96,132,97,1,389,14
96,133,100,1,401,18
96,134,96,1,385,17
96,135,96,1,385,11
96,136,98,1,393,6
96,137,97,1,389,12
96,138,96,1,385,16
96,139,96,1,385,13
96,140,97,1,389,12
96,141,98,1,393,18
96,142,98,1,393,23
96,143,97,1,389,22
96,144,96,1,385,11
96,145,98,1,393,16
96,146,96,1,385,15
96,147,96,1,385,22
96,148,97,1,389,22
96,149,99,1,397,15
96,150,99,1,397,16
96,151,98,1,393,11
96,152,97,1,389,18
96,153,97,1,389,15
96,154,98,1,393,12
96,155,97,1,389,7
96,156,97,1,389,18
96,157,0,0,-1,-1
96,158,98,1,393,13
96,159,97,1,389,11
96,160,96,1,385,19
96,161,96,1,385,17
96,162,98,1,393,3
96,163,98,1,393,16
96,164,98,1,393,19
96,165,99,1,397,11
96,166,99,1,397,15
96,167,97,1,389,8
96,168,96,1,385,6
96,169,96,1,385,20
96,170,96,1,385,11
96,171,100,1,401,17
96,172,99,1,397,12
96,173,97,1,389,17
96,174,96,1,385,5
96,175,96,1,385,14
96,176,96,1,385,16
96,177,96,1,385,12
96,178,98,1,393,14
96,179,97,1,389,12
96,180,99,1,397,8
96,181,97,1,389,11
96,182,98,1,393,7
96,183,98,1,393,9
96,184,98,1,393,15
96,185,97,1,389,9
96,186,96,1,385,10
96,187,98,1,393,12
96,188,96,1,385,14
96,189,97,1,389,21
96,190,96,1,385,16
96,191,103,1,413,17
96,192,99,1,397,19
96,193,96,1,385,19
96,194,100,1,401,15
96,195,96,1,385,12
96,196,100,1,401,14
96,197,96,1,385,15
96,198,97,1,389,11
96,199,100,1,401,20
128,0,130,1,521,23
128,1,129,1,517,22
128,2,130,1,521,19
128,3,131,1,525,17
128,4,130,1,521,27
128,5,131,1,525,17
128,6,128,1,513,16
128,7,128,1,513,26
128,8,130,1,521,15
128,9,129,1,517,16
128,10,130,1,521,19
128,11,128,1,513,14
128,12,130,1,521,21
128,13,130,1,521,18
128,14,129,1,517,18
128,15,130,1,521,20
128,16,131,1,525,9
128,17,131,1,525,24
128,18,130,1,521,26
128,19,128,1,513,33
128,20,129,1,517,14
128,21,130,1,521,10
128,22,130,1,521,11
128,23,129,1,517,16
128,24,130,1,521,15
128,25,132,1,529,16
128,26,129,1,517,8
128,27,128,1,513,20
128,28,129,1,517,13
128,29,131,1,525,15
128,30,135,1,541,25
128,31,131,1,525,23
128,32,128,1,513,26
128,33,130,1,521,21
128,34,130,1,521,20
128,35,130,1,521,23
128,36,128,1,513,20
128,37,129,1,517,17
128,38,129,1,517,16
128,39,130,1,521,18
128,40,130,1,521,24
128,41,130,1,521,20
128,42,0,0,-1,-1
128,43,130,1,521,15
128,44,128,1,513,18
128,45,129,1,517,36
128,46,132,1,529,20
128,47,129,1,517,15
128,48,131,1,525,18
128,49,130,1,521,14
128,50,129,1,517,18
128,51,133,1,533,11
128,52,130,1,521,20
128,53,130,1,521,24
128,54,128,1,513,26
128,55,128,1,513,21
128,56,128,1,513,21
128,57,129,1,517,23
128,58,133,1,533,12
128,59,129,1,517,19
128,60,130,1,521,19
128,61,128,1,513,18
128,62,128,1,513,22
128,63,128,1,513,21
128,64,131,1,525,13
128,65,129,1,517,18
128,66,128,1,513,17
128,67,130,1,521,10
128,68,128,1,513,26
128,69,129,1,517,15
128,70,134,1,537,23
128,71,128,1,513,22
128,72,130,1,521,12
128,73,128,1,513,20
128,74,131,1,525,22
128,75,129,1,517,18
128,76,134,1,537,17
128,77,130,1,521,25
128,78,128,1,513,16
128,79,129,1,517,21
128,80,130,1,521,20
128,81,129,1,517,22
128,82,129,1,517,16
128,83,128,1,513,18
128,84,132,1,529,16
128,85,134,1,537,15
128,86,131,1,525,19
128,87,128,1,513,24
128,88,128,1,513,24
128,89,130,1,521,20
128,90,129,1,517,17
128,91,132,1,529,11
128,92,128,1,513,19
128,93,130,1,521,21
128,94,128,1,513,12
128,95,129,1,517,20
128,96,129,1,517,14
128,97,132,1,529,12
128,98,0,0,-1,-1
128,99,128,1,513,16
128,100,128,1,513,18
128,101,133,1,533,20
128,102,130,1,521,18
128,103,128,1,513,38
128,104,128,1,513,28
128,105,129,1,517,19
128,106,128,1,513,30
128,107,130,1,521,12
128,108,136,1,545,13
128,109,128,1,513,19
128,110,129,1,517,25
128,111,129,1,517,14
128,112,129,1,517,22
128,113,129,1,517,19
128,114,129,1,517,18
128,115,129,1,517,13
128,116,128,1,513,24
128,117,132,1,529,16
128,118,128,1,513,17
128,119,129,1,517,29
128,120,129,1,517,11
128,121,133,1,533,13
128,122,130,1,521,29
128,123,131,1,525,14
128,124,130,1,521,17
128,125,130,1,521,19
128,126,129,1,517,16
128,127,130,1,521,17
128,128,129,1,517,16
128,129,130,1,521,20
128,130,128,1,513,18
128,131,130,1,521,17
128,132,128,1,513,19
128,133,128,1,513,26
128,134,130,1,521,17
128,135,128,1,513,14
128,136,131,1,525,21
128,137,131,1,525,22
128,138,129,1,517,22
128,139,130,1,521,28
128,140,128,1,513,20
128,141,130,1,521,19
128,142,132,1,529,19
128,143,136,1,545,21
128,144,130,1,521,15
128,145,131,1,525,18
128,146,132,1,529,21
128,147,128,1,513,11
128,148,128,1,513,13
128,149,131,1,525,19
128,150,130,1,521,16
128,151,130,1,521,30
128,152,134,1,537,21
128,153,133,1,533,15
128,154,130,1,521,15
128,155,128,1,513,26
128,156,129,1,517,16
128,157,135,1,541,15
128,158,128,1,513,22
128,159,130,1,521,18
128,160,130,1,521,25
128,161,129,1,517,15
128,162,130,1,521,18
128,163,133,1,533,17
128,164,132,1,529,19
128,165,129,1,517,19
128,166,130,1,521,17
128,167,129,1,517,28
128,168,129,1,517,17
128,169,128,1,513,22
128,170,128,1,513,14
128,171,135,1,541,15
128,172,129,1,517,18
128,173,128,1,513,19
128,174,130,1,521,16
128,175,129,1,517,10
128,176,128,1,513,9
128,177,129,1,517,21
128,178,128,1,513,22
128,179,129,1,517,18
128,180,130,1,521,8
128,181,128,1,513,19
128,182,128,1,513,22
128,183,129,1,517,17
128,184,128,1,513,26
128,185,129,1,517,22
128,186,129,1,517,28
128,187,129,1,517,16
128,188,136,1,545,18
128,189,130,1,521,16
128,190,130,1,521,22
128,191,128,1,513,25
128,192,128,1,513,20
128,193,132,1,529,15
128,194,128,1,513,12
128,195,130,1,521,19
128,196,129,1,517,25
128,197,130,1,521,21
128,198,128,1,513,24
128,199,130,1,521,12
