a,kt,gamma,R,neg,margin
0.5,0.0,0.0,0.41321211119293455,0.3666060555964674,-0.4733939444035329
0.5,0.025,0.024690087971667385,0.3862005266775004,0.3431299650756833,-0.42619162226281876
0.5,0.05,0.048770575499285984,0.3600378732329115,0.32108598460120685,-0.3828783200688235
0.5,0.07500000000000001,0.07225651367144714,0.33456261485920935,0.300327540493174,-0.34315542504295704
0.5,0.1,0.09516258196404048,0.30963371464870915,0.2807316955708108,-0.3067465491150358
0.5,0.125,0.11750309741540454,0.2851286206967818,0.26219543618908503,-0.27339589919368285
0.5,0.15000000000000002,0.1392920235749422,0.26094142624937433,0.24463240224563698,-0.24286676607310836
0.5,0.17500000000000002,0.16054297923079264,0.23698119002356477,0.2279700510571454,-0.2149401233717121
0.5,0.2,0.18126924692201818,0.21317040372760676,0.2121472285903161,-0.18941332852086468
0.5,0.225,0.20148378124062294,0.18944359481464756,0.1971121115517649,-0.16609891840012037
0.5,0.25,0.22119921692859512,0.16574605343571092,0.18282047934617274,-0.14482349275115336
0.5,0.275,0.24042787677503152,0.14203267341834902,0.16923427419834236,-0.1254266790000347
0.5,0.30000000000000004,0.2591817793182821,0.1182668978928203,0.15632040944069447,-0.10776017257877882
0.5,0.325,0.2774726463579278,0.09441976092262494,0.14404978907662036,-0.091686847265053
0.5,0.35000000000000003,0.29531191028128656,0.07046901717525089,0.1323965055253773,-0.0770799304559216
0.5,0.375,0.31271072120902776,0.046398352296247225,0.12133718645764824,-0.06382223865979705
0.5,0.4,0.3296799539643607,0.02219666722907454,0.11085046554255373,-0.05180546883237511
0.5,0.42500000000000004,0.3462302148701527,0.0,0.10091655557411439,-0.040929541499265504
0.5,0.45,0.36237184837822667,0.0,0.09151690574132798,-0.03110199190199947
0.5,0.47500000000000003,0.37811494353498,0.0,0.08263392772115985,-0.022237405676816174
0.5,0.5,0.3934693402873666,0.0,0.07425077781204892,-0.014256895828596905
0.5,0.525,0.4084446356331849,0.0,0.06635118451135424,-0.007087617996998835
0.5,0.55,0.42305018961951335,0.0,0.058919312807296564,-0.0006623212295108205
0.5,0.5750000000000001,0.4372951311930443,0.01016213664379606,0.05193965804188139,0.005081068321898086
0.5,0.6000000000000001,0.4511883639059736,0.020399666353132062,0.04539696354288714,0.010199833176566087
0.5,0.625,0.4647385714810097,0.029493643991248097,0.039276157354348085,0.014746821995624049
0.5,0.65,0.47795422323898396,0.037541561616531105,0.03356230434629781,0.018770780808265608
0.5,0.675,0.4908435793924508,0.044633319810761796,0.028240570781414176,0.02231665990538091
0.5,0.7000000000000001,0.5034146962085906,0.05085179634688419,0.023296199079921642,0.025425898173442055
0.5,0.7250000000000001,0.5156754310446376,0.05627337302577984,0.01871449107155876,0.028136686512889933
0.5,0.75,0.5276334472589853,0.06096842373187883,0.014480798467873202,0.03048421186593936
0.5,0.775,0.5392962190010342,0.06500176653606804,0.01058051963990847,0.03250088326803406
0.5,0.8,0.5506710358827784,0.06843308246902469,0.006999102053393602,0.03421654123451237
0.5,0.8250000000000001,0.5617650075350509,0.07131730339761821,0.003722049902751934,0.03565865169880909
0.5,0.8500000000000001,0.5725850680512734,0.07370497126036657,0.0007349366028628346,0.03685248563018327
0.5,0.875,0.5831379803214916,0.07564257075405223,4.440892098500626e-16,0.037821285377026115
0.5,0.9,0.5934303402594009,0.07717283741160119,2.220446049250313e-16,0.03858641870580057
0.5,0.925,0.6034685809250071,0.07833504287034687,2.220446049250313e-16,0.03916752143517346
0.5,0.9500000000000001,0.6132589765454988,0.07916525899902815,5.551115123125783e-16,0.03958262949951406
0.5,0.9750000000000001,0.622807646436843,0.0796966024305743,4.440892098500626e-16,0.03984830121528716
0.5,1.0,0.6321205588285577,0.07995946093523632,1.1102230246251565e-16,0.039979730467618185
0.5,1.0250000000000001,0.6412035345940484,0.07998170296427043,6.661338147750939e-16,0.03999085148213525
0.5,1.05,0.6500622508888447,0.07978887159760295,6.661338147750939e-16,0.039894435798801524
0.5,1.075,0.6587022446990063,0.07940436403914286,4.440892098500626e-16,0.03970218201957138
0.5,1.1,0.6671289163019205,0.07884959772015021,9.992007221626409e-16,0.039424798860075105
0.5,1.125,0.6753475326416503,0.07814416399386026,3.3306690738754696e-16,0.03907208199693009
0.5,1.1500000000000001,0.6833632306209468,0.07730597033294062,4.440892098500626e-16,0.038652985166470366
0.5,1.175,0.6911810203119801,0.076351371874948,4.440892098500626e-16,0.03817568593747396
0.5,1.2000000000000002,0.698805788087798,0.07529529309934291,4.440892098500626e-16,0.037647646549671426
0.5,1.225,0.7062422996764672,0.07415134036250559,8.881784197001252e-16,0.03707567018125284
0.5,1.25,0.7134952031398099,0.0729319059641973,4.440892098500626e-16,0.0364659529820986
0.5,1.2750000000000001,0.7205690317785927,0.07164826436978955,3.3306690738754696e-16,0.03582413218489475
0.5,1.3,0.7274682069659875,0.07031066116701101,2.220446049250313e-16,0.03515533058350545
0.5,1.3250000000000002,0.7341970409110734,0.0689283952937001,5.551115123125783e-16,0.03446419764684999
0.5,1.35,0.7407597393541085,0.06750989503386906,3.3306690738754696e-16,0.0337549475169345
0.5,1.375,0.7471604041952535,0.06606278824304024,2.220446049250313e-16,0.03303139412152013
0.5,1.4000000000000001,0.7534030360583935,0.06459396723011235,2.220446049250313e-16,0.032296983615056216
0.5,1.425,0.7594915367916579,0.06310964869177038,4.440892098500626e-16,0.031554824345885205
0.5,1.4500000000000002,0.7654297119062023,0.06161542906646589,2.220446049250313e-16,0.030807714533232923
0.5,1.475,0.7712212729547776,0.06011633564812935,7.771561172376096e-16,0.030058167824064716
0.5,1.5,0.7768698398515702,0.058616873774855804,6.661338147750939e-16,0.029308436887427902
0.5,1.5250000000000001,0.7823789431347672,0.05712107038469871,2.220446049250313e-16,0.028560535192349405
0.5,1.55,0.7877520261732569,0.05563251420929349,0.0,0.027816257104646757
0.5,1.5750000000000002,0.7929924473188474,0.054154392856152755,3.3306690738754696e-16,0.027077196428076412
0.5,1.6,0.7981034820053446,0.05268952701207841,4.440892098500626e-16,0.026344763506039256
0.5,1.625,0.8030883247958059,0.05124040198304214,3.3306690738754696e-16,0.025620200991521076
0.5,1.6500000000000001,0.8079500913792459,0.049809196770065345,3.3306690738754696e-16,0.02490459838503268
0.5,1.675,0.812691820518043,0.048397810865949964,9.992007221626409e-16,0.024198905432974968
0.5,1.7000000000000002,0.8173164759472654,0.047007888944100795,4.440892098500626e-16,0.023503944472050425
0.5,1.725,0.8218269482271016,0.0456408435980713,3.3306690738754696e-16,0.02282042179903567
0.5,1.75,0.8262260565495548,0.04429787627876203,2.220446049250313e-16,0.02214893813938104
0.5,1.7750000000000001,0.83051655050053,0.04297999656536966,4.440892098500626e-16,0.021489998282684802
0.5,1.8,0.8347011117784134,0.04168803989612635,2.220446049250313e-16,0.020844019948063182
0.5,1.8250000000000002,0.8387823558702232,0.04042268387556036,3.3306690738754696e-16,0.02021134193778023
0.5,1.85,0.8427628336863724,0.03918446326637026,6.661338147750939e-16,0.019592231633185124
0.5,1.875,0.8466450331550716,0.0379737837660028,4.440892098500626e-16,0.01898689188300144
0.5,1.9000000000000001,0.8504313807773649,0.03679093466061012,2.220446049250313e-16,0.01839546733030507
0.5,1.925,0.8541242431437727,0.03563610044217902,2.220446049250313e-16,0.017818050221089482
0.5,1.9500000000000002,0.8577259284134865,0.03450937146826316,8.881784197001252e-16,0.01725468573413154
0.5,1.975,0.8612386877570448,0.03341075373783475,3.3306690738754696e-16,0.016705376868917376
0.5,2.0,0.8646647167633873,0.03234017785130905,5.551115123125783e-16,0.016170088925654524
0.5,2.025,0.8680061568121697,0.03129750721771307,2.220446049250313e-16,0.015648753608856588
0.5,2.0500000000000003,0.8712650964121958,0.03028254556728527,2.220446049250313e-16,0.015141272783642676
0.5,2.075,0.8744435725068028,0.029295043823424294,5.551115123125783e-16,0.014647521911712123
0.5,2.1,0.8775435717470181,0.02833470638388147,5.551115123125783e-16,0.01416735319194073
0.5,2.125,0.8805670317332803,0.02740119685735154,6.661338147750939e-16,0.013700598428675787
0.5,2.15,0.883515842226503,0.026494143298149586,3.3306690738754696e-16,0.013247071649074774
0.5,2.1750000000000003,0.8863918463292363,0.02561314297845918,3.3306690738754696e-16,0.012806571489229548
0.5,2.2,0.8891968416376661,0.024757766734665232,9.992007221626409e-16,0.012378883367332595
0.5,2.225,0.8919325813651707,0.023927562921528978,6.661338147750939e-16,0.011963781460764461
0.5,2.25,0.8946007754381357,0.02312206100541725,7.771561172376096e-16,0.011561030502708583
0.5,2.275,0.8972030915647136,0.02234077482543495,3.3306690738754696e-16,0.011170387412717477
0.5,2.3000000000000003,0.8997411562771963,0.021583205549124962,5.551115123125783e-16,0.010791602774562458
0.5,2.325,0.9022165559486499,0.020848844347371775,8.881784197001252e-16,0.010424422173685909
0.5,2.35,0.9046308377844504,0.02013717481127486,3.3306690738754696e-16,0.010068587405637484
0.5,2.375,0.9069855107893365,0.019447675132018505,1.1102230246251565e-16,0.009723837566009218
0.5,2.4000000000000004,0.9092820467105875,0.01877982006315637,2.220446049250313e-16,0.009389910031578146
0.5,2.4250000000000003,0.9115218809579128,0.018133082683249313,8.881784197001252e-16,0.009066541341624669
0.5,2.45,0.9137064135006295,0.017506935975405646,6.661338147750939e-16,0.008753467987702832
0.5,2.475,0.9158370097426897,0.016900854239009222,4.440892098500626e-16,0.008450427119504613
0.5,2.5,0.9179150013761012,0.016314314347734893,3.3306690738754696e-16,0.008157157173867497
0.5,2.5250000000000004,0.9199416872132795,0.01574679686686231,1.1102230246251565e-16,0.007873398433431126
0.5,2.5500000000000003,0.9219183339988468,0.015197787041885347,3.3306690738754696e-16,0.0075988935209427046
0.5,2.575,0.9238461772013897,0.014666775669486709,4.440892098500626e-16,0.007333387834743338
0.5,2.6,0.9257264217856661,0.01415325986107252,3.3306690738754696e-16,0.007076629930536311
0.5,2.625,0.9275602429657486,0.013656743708273744,2.220446049250313e-16,0.0068283718541368825
0.5,2.6500000000000004,0.9293487869395705,0.013176738859070669,3.3306690738754696e-16,0.006588369429535363
0.5,2.6750000000000003,0.9310931716053374,0.01271276501252272,6.661338147750939e-16,0.006356382506261399
0.5,2.7,0.9327944872602503,0.01226435033944484,1.1102230246251565e-16,0.006132175169722391
0.5,2.725,0.9344537972819756,0.011831031835792594,2.220446049250313e-16,0.005915515917896343
0.5,2.75,0.9360721387932924,0.011412355614977887,3.3306690738754696e-16,0.005706177807488947
0.5,2.7750000000000004,0.9376505233103266,0.011007877144831646,5.551115123125783e-16,0.005503938572415852
0.5,2.8000000000000003,0.9391899373747821,0.010617161434477884,3.3306690738754696e-16,0.0053085807172389265
0.5,2.825,0.9406913431705612,0.010239783175947315,3.3306690738754696e-16,0.005119891587973669
0.5,2.85,0.9421556791251615,0.009875326844973609,3.3306690738754696e-16,0.004937663422486839
0.5,2.875,0.9435838604962227,0.00952338676504394,3.3306690738754696e-16,0.004761693382521999
0.5,2.9000000000000004,0.9449767799435927,0.009183567138445925,7.771561172376096e-16,0.004591783569222967
0.5,2.9250000000000003,0.9463353080872698,0.008855482047738006,1.1102230246251565e-16,0.004427741023869006
0.5,2.95,0.9476602940515676,0.008538755430788303,3.3306690738754696e-16,0.004269377715394187
0.5,2.975,0.9489525659958457,0.008233021032259424,9.992007221626409e-16,0.004116510516129681
0.5,3.0,0.950212931632136,0.007937922334174008,2.220446049250313e-16,0.003968961167086999
0.5,3.0250000000000004,0.95144217872999,0.007653112467974177,8.881784197001252e-16,0.0038265562339870928
0.5,3.0500000000000003,0.9526410756088591,0.007378254110273819,6.661338147750939e-16,0.003689127055136952
0.5,3.075,0.9538103716183199,0.007113019364320072,7.771561172376096e-16,0.003556509682160084
0.5,3.1,0.9549507976064422,0.006857089628997004,2.220446049250313e-16,0.0034285448144984573
0.5,3.125,0.9560630663765926,0.00661015545704613,3.3306690738754696e-16,0.0033050777285230743
0.5,3.1500000000000004,0.9571478731329598,0.006371916404030342,3.3306690738754696e-16,0.0031859582020152145
0.5,3.1750000000000003,0.9582058959150801,0.006142080869423694,4.440892098500626e-16,0.003071040434711883
0.5,3.2,0.9592377960216338,0.005920365931091132,3.3306690738754696e-16,0.002960182965545581
0.5,3.225,0.9602442184237787,0.005706497174299718,3.3306690738754696e-16,0.0028532485871498843
0.5,3.25,0.961225792168278,0.0055002085162993986,1.1102230246251565e-15,0.002750104258149721
0.5,3.2750000000000004,0.962183130770675,0.005301242027409225,2.220446049250313e-16,0.0026506210137046096
0.5,3.3000000000000003,0.96311683259876,0.005109347749458815,6.661338147750939e-16,0.0025546738747294173
0.5,3.325,0.9640274812465703,0.004924283512347971,5.551115123125783e-16,0.0024621417561739916
0.5,3.35,0.964915645899155,0.0047458147494128244,3.3306690738754696e-16,0.002372907374706463
0.5,3.375,0.965781881688334,0.004573714312217092,4.440892098500626e-16,0.002286857156108565
0.5,3.4000000000000004,0.9666267300396739,0.004407762285320693,5.551115123125783e-16,0.002203881142660332
0.5,3.4250000000000003,0.9674507190108966,0.004247745801522651,3.3306690738754696e-16,0.0021238729007612943
0.5,3.45,0.9682543636219321,0.004093458858018151,7.771561172376096e-16,0.002046729429009115
0.5,3.475,0.9690381661768231,0.003944702133861444,4.440892098500626e-16,0.001972351066930687
0.5,3.5,0.9698026165776815,0.0038012828090800976,5.551115123125783e-16,0.0019006414045399935
0.5,3.5250000000000004,0.9705481926308928,0.0036630143857487862,4.440892098500626e-16,0.0018315071928743938
0.5,3.5500000000000003,0.9712753603457606,0.0035297165112875284,7.771561172376096e-16,0.0017648582556437217
0.5,3.575,0.9719845742257782,0.0034012148042168455,6.661338147750939e-16,0.0017006074021084536
0.5,3.6,0.9726762775527075,0.003277340682576124,8.881784197001252e-16,0.001638670341288025
0.5,3.625,0.9733509026636445,0.003157931195171715,7.771561172376096e-16,0.0015789655975858203
0.5,3.6500000000000004,0.9740088712212447,0.0030428288558093097,4.440892098500626e-16,0.0015214144279046143
0.5,3.6750000000000003,0.9746505944772751,0.0029318814806282845,6.661338147750939e-16,0.001465940740314138
0.5,3.7,0.9752764735296606,0.0028249420286441396,5.551115123125783e-16,0.0014124710143220216
0.5,3.725,0.9758868995731831,0.002721868445579201,5.551115123125783e-16,0.001360934222789578
0.5,3.75,0.9764822541439909,0.002622523511049968,5.551115123125783e-16,0.0013112617555249388
0.5,3.7750000000000004,0.977062909358071,0.002526774689157074,9.992007221626409e-16,0.0012633873445784902
0.5,3.8000000000000003,0.9776292281438345,0.0024344939825156064,4.440892098500626e-16,0.0012172469912577922
0.5,3.825,0.9781815644689572,0.002345557789747321,7.771561172376096e-16,0.0011727788948736283
0.5,3.85,0.9787202635616228,0.0022598467664438626,7.771561172376096e-16,0.0011299233832218804
0.5,3.875,0.9792456621263003,0.0021772456896040904,-1.1102230246251565e-16,0.0010886228448020426
0.5,3.9000000000000004,0.9797580885541957,0.002097643325534637,4.440892098500626e-16,0.001048821662767273
0.5,3.9250000000000003,0.9802578631285073,0.0020209323011957103,4.440892098500626e-16,0.0010104661505979107
0.5,3.95,0.9807452982246131,0.0019470089789712652,3.3306690738754696e-16,0.0009735044894856848
0.5,3.975,0.9812206985053156,0.0018757733348269134,6.661338147750939e-16,0.0009378866674134537
0.5,4.0,0.9816843611112658,0.0018071288398240348,2.220446049250313e-16,0.0009035644199120126
0.5,4.025,0.982136575846686,0.0017409823449459072,2.220446049250313e-16,0.0008704911724729005
0.5,4.05,0.9825776253605065,0.0016772439691887797,0.0,0.0008386219845943838
0.5,4.075,0.9830077853230309,0.0016158269908708167,3.3306690738754696e-16,0.0008079134954354613
0.5,4.1000000000000005,0.9834273245982388,0.0015566477421029568,1.1102230246251565e-16,0.0007783238710514979
0.5,4.125,0.9838365054118341,0.0014996255063668418,5.551115123125783e-16,0.0007498127531834338
0.5,4.15,0.9842355835151455,0.001444682419142751,2.220446049250313e-16,0.0007223412095713301
0.5,4.175,0.9846248083449786,0.0013917433715249228,9.992007221626409e-16,0.0006958716857624459
0.5,4.2,0.9850044231795223,0.0013407359167656452,2.220446049250313e-16,0.0006703679583828434
0.5,4.2250000000000005,0.9853746652904057,0.0012915901796821672,9.992007221626409e-16,0.0006457950898410593
0.5,4.25,0.9857357660910008,0.0012442387688640366,6.661338147750939e-16,0.000622119384431968
0.5,4.275,0.9860879512810624,0.0011986166916171381,7.771561172376096e-16,0.0005993083458086008
0.5,4.3,0.9864314409877991,0.0011546612715789273,1.1102230246251565e-16,0.0005773306357894266
0.5,4.325,0.9867664499034591,0.001112312068937138,5.551115123125783e-16,0.0005561560344685928
0.5,4.3500000000000005,0.9870931874195201,0.0010715108031931209,2.220446049250313e-16,0.0005357554015965488
0.5,4.375,0.987411857757566,0.0010322012783972045,1.1102230246251565e-16,0.0005161006391985806
0.5,4.4,0.9877226600969315,0.0009943293107979034,4.440892098500626e-16,0.0004971646553989705
0.5,4.425,0.9880257886991963,0.0009578426588374711,9.992007221626409e-16,0.0004789213294187019
0.5,4.45,0.9883214330296045,0.0009226909554298501,7.771561172376096e-16,0.0004613454777148945
0.5,4.4750000000000005,0.9886097778754867,0.0008888256424612884,4.440892098500626e-16,0.00044441282123062987
0.5,4.5,0.9888910034617577,0.0008561999074478965,0.0,0.00042809995372397055
0.5,4.525,0.9891652855635639,0.0008247686222915274,2.220446049250313e-16,0.00041238431114574894
0.5,4.55,0.9894327956161474,0.0007944882840715817,9.992007221626409e-16,0.00039724414203575435
0.5,4.575,0.9896937008219993,0.000765316957815898,8.881784197001252e-16,0.0003826584789079801
0.5,4.6000000000000005,0.9899481642553665,0.000737214221190774,6.661338147750939e-16,0.00036860711059542465
0.5,4.625,0.9901963449641782,0.000710141111052609,2.220446049250313e-16,0.0003550705555262617
0.5,4.65,0.9904383980694565,0.000684060071806103,1.1102230246251565e-15,0.0003420300359030633
0.5,4.675,0.9906744748622717,0.0006589349055157179,5.551115123125783e-16,0.00032946745275786197
0.5,4.7,0.9909047228983042,0.000634730723712007,3.3306690738754696e-16,0.0003173653618560251
0.5,4.7250000000000005,0.9911292860900718,0.0006114139008457364,4.440892098500626e-16,0.0003057069504228811
0.5,4.75,0.9913483047968794,0.0005889520293345107,3.3306690738754696e-16,0.00029447601466727787
0.5,4.775,0.9915619159125485,0.000567313876154607,3.3306690738754696e-16,0.0002836569380772496
0.5,4.800000000000001,0.99177025295098,0.0005464693409262811,3.3306690738754696e-16,0.0002732346704630899
0.5,4.825,0.9919734461296048,0.0005263894154485804,3.3306690738754696e-16,0.0002631947077243392
0.5,4.8500000000000005,0.9921716224507743,0.0005070461446345931,6.661338147750939e-16,0.00025352307231725306
0.5,4.875,0.99236490578114,0.000488412588800502,4.440892098500626e-16,0.0002442062944002926
0.5,4.9,0.9925534169290756,0.00047046278727091995,3.3306690738754696e-16,0.00023523139363544016
0.5,4.925000000000001,0.9927372737201852,0.0004531717232485466,4.440892098500626e-16,0.00022658586162431065
0.5,4.95,0.9929165910709479,0.00043651528991572874,6.661338147750939e-16,0.0002182576449578403
0.5,4.9750000000000005,0.9930914810605455,0.0004204702577190744,8.881784197001252e-16,0.0002102351288595462
0.5,5.0,0.9932620530009145,0.00040501424280536824,4.440892098500626e-16,0.0002025071214027347
0.75,0.0,0.0,0.41321211119293455,0.3666060555964674,-0.4733939444035329
0.75,0.025,0.024690087971667385,0.3730821616896154,0.33657325847797726,-0.4327508047567613
0.75,0.05,0.048770575499285984,0.33500151040630044,0.3085851363873918,-0.39539650148212924
0.75,0.07500000000000001,0.07225651367144714,0.2987251937930091,0.2824598450100193,-0.3610741355760572
0.75,0.1,0.09516258196404048,0.2640339647118557,0.2580369056218924,-0.32954642408346274
0.75,0.125,0.11750309741540454,0.23073196890170844,0.23517483278855988,-0.30059422509121964
0.75,0.15000000000000002,0.1392920235749422,0.19864461349145435,0.21374893101665893,-0.2740151724520683
0.75,0.17500000000000002,0.16054297923079264,0.16761661249131077,0.1936492730513899,-0.24962241213783892
0.75,0.2,0.18126924692201818,0.13751019533801978,0.1747788653069955,-0.22724343271565814
0.75,0.225,0.20148378124062294,0.10820346563067895,0.1570519997746721,-0.20671898299210492
0.75,0.25,0.22119921692859512,0.07958889817554637,0.14039278685551215,-0.18790207038123546
0.75,0.275,0.24042787677503152,0.05157196336640424,0.12473385992527275,-0.17065703402600707
0.75,0.30000000000000004,0.2591817793182821,0.02406986876727002,0.11001523994988993,-0.15485868714155399
0.75,0.325,0.2774726463579278,0.0,0.0961833469684994,-0.14039152345558836
0.75,0.35000000000000003,0.29531191028128656,0.0,0.08319014455151896,-0.12714898299820118
0.75,0.375,0.31271072120902776,0.0,0.07099240323235034,-0.11503277284278071
0.75,0.4,0.3296799539643607,0.0,0.05955106922527165,-0.10395223872355105
0.75,0.42500000000000004,0.3462302148701527,0.0,0.04883072532555377,-0.09382378375535705
0.75,0.45,0.36237184837822667,0.0,0.03879913161276716,-0.08457033075939069
0.75,0.47500000000000003,0.37811494353498,0.0,0.02942683434233806,-0.07612082495628211
0.75,0.5,0.3934693402873666,0.0,0.02068683213445266,-0.0684097740267755
0.75,0.525,0.4084446356331849,0.0,0.012554289196552326,-0.06137682276151224
0.75,0.55,0.42305018961951335,0.0,0.005006285810674305,-0.054966359726483754
0.75,0.5750000000000001,0.4372951311930443,0.0,6.661338147750939e-16,-0.04912715356073591
0.75,0.6000000000000001,0.4511883639059736,0.0,4.440892098500626e-16,-0.04381201669894243
0.75,0.625,0.4647385714810097,0.0,3.3306690738754696e-16,-0.03897749447459442
0.75,0.65,0.47795422323898396,0.0,4.440892098500626e-16,-0.03458357771069094
0.75,0.675,0.4908435793924508,0.0,8.881784197001252e-16,-0.030593437044836136
0.75,0.7000000000000001,0.5034146962085906,0.0,4.440892098500626e-16,-0.02697317736538951
0.75,0.7250000000000001,0.5156754310446376,0.0,4.440892098500626e-16,-0.023691610855504364
0.75,0.75,0.5276334472589853,0.0,4.440892098500626e-16,-0.020720047253236562
0.75,0.775,0.5392962190010342,0.0,-1.1102230246251565e-16,-0.01803210003906358
0.75,0.8,0.5506710358827784,0.0,2.220446049250313e-16,-0.015603507357709379
0.75,0.8250000000000001,0.5617650075350509,0.0,-5.551115123125783e-17,-0.013411966569690133
0.75,0.8500000000000001,0.5725850680512734,0.0,5.551115123125783e-16,-0.011436981409998062
0.75,0.875,0.5831379803214916,0.0,5.551115123125783e-16,-0.00965972080728647
0.75,0.9,0.5934303402594009,0.0,-5.551115123125783e-17,-0.008062888487280727
0.75,0.925,0.6034685809250071,0.0,3.3306690738754696e-16,-0.006630602549292056
0.75,0.9500000000000001,0.6132589765454988,0.0,5.551115123125783e-16,-0.005348284265071529
0.75,0.9750000000000001,0.622807646436843,0.0,4.440892098500626e-16,-0.004202555405134652
0.75,1.0,0.6321205588285577,0.0,2.220446049250313e-16,-0.003181143449454346
0.75,1.0250000000000001,0.6412035345940484,0.0,6.661338147750939e-16,-0.0022727940873625493
0.75,1.05,0.6500622508888447,0.0,6.661338147750939e-16,-0.0014671904558976462
0.75,1.075,0.6587022446990063,0.0,4.440892098500626e-16,-0.0007548786069470625
0.75,1.1,0.6671289163019205,0.0,9.992007221626409e-16,-0.00012719873160513262
0.75,1.125,0.6753475326416503,0.0008475565891654657,4.440892098500626e-16,0.0004237782945827155
0.75,1.1500000000000001,0.6833632306209468,0.0018106188983584293,4.440892098500626e-16,0.0009053094491791799
0.75,1.175,0.6911810203119801,0.0026480671133704003,2.220446049250313e-16,0.001324033556685221
0.75,1.2000000000000002,0.698805788087798,0.0033720421682641444,3.3306690738754696e-16,0.0016860210841320306
0.75,1.225,0.7062422996764672,0.003993640116038533,8.881784197001252e-16,0.0019968200580192975
0.75,1.25,0.7134952031398099,0.004522996796413992,5.551115123125783e-16,0.0022614983982069785
0.75,1.2750000000000001,0.7205690317785927,0.004969365884333055,2.220446049250313e-16,0.0024846829421665793
0.75,1.3,0.7274682069659875,0.005341190824899922,3.3306690738754696e-16,0.002670595412449947
0.75,1.3250000000000002,0.7341970409110734,0.005646171122426491,4.440892098500626e-16,0.0028230855612132177
0.75,1.35,0.7407597393541085,0.005891323416054028,4.440892098500626e-16,0.002945661708026988
0.75,1.375,0.7471604041952535,0.006083037741819952,3.3306690738754696e-16,0.0030415188709099657
0.75,1.4000000000000001,0.7534030360583935,0.006227129350887539,3.3306690738754696e-16,0.0031135646754437245
0.75,1.425,0.7594915367916579,0.0063288864257358135,3.3306690738754696e-16,0.0031644432128678634
0.75,1.4500000000000002,0.7654297119062023,0.006393114010285084,2.220446049250313e-16,0.003196557005142507
0.75,1.475,0.7712212729547776,0.006424174446024722,6.661338147750939e-16,0.0032120872230123627
0.75,1.5,0.7768698398515702,0.006426024584099244,7.771561172376096e-16,0.003213012292049594
0.75,1.5250000000000001,0.7823789431347672,0.006402250022841782,1.1102230246251565e-16,0.0032011250114209414
0.75,1.55,0.7877520261732569,0.006356096601318528,0.0,0.003178048300659264
0.75,1.5750000000000002,0.7929924473188474,0.00629049936192394,4.440892098500626e-16,0.003145249680961959
0.75,1.6,0.7981034820053446,0.006208109178875487,1.1102230246251565e-16,0.003104054589437755
0.75,1.625,0.8030883247958059,0.006111317234460678,3.3306690738754696e-16,0.0030556586172303685
0.75,1.6500000000000001,0.8079500913792459,0.006002277511031329,4.440892098500626e-16,0.0030011387555156843
0.75,1.675,0.812691820518043,0.005882927453917608,1.1102230246251565e-15,0.002941463726958798
0.75,1.7000000000000002,0.8173164759472654,0.005755006948576558,3.3306690738754696e-16,0.0028775034742882597
0.75,1.725,0.8218269482271016,0.005620075744325659,3.3306690738754696e-16,0.00281003787216282
0.75,1.75,0.8262260565495548,0.005479529446869691,2.220446049250313e-16,0.00273976472343486
0.75,1.7750000000000001,0.83051655050053,0.0053346141924566215,4.440892098500626e-16,0.0026673070962283524
0.75,1.8,0.8347011117784134,0.005186440107828094,0.0,0.002593220053913994
0.75,1.8250000000000002,0.8387823558702232,0.005035993652115378,4.440892098500626e-16,0.002517996826057705
0.75,1.85,0.8427628336863724,0.004884148929429344,6.661338147750939e-16,0.0024420744647146294
0.75,1.875,0.8466450331550716,0.004731678054034072,5.551115123125783e-16,0.0023658390270170572
0.75,1.9000000000000001,0.8504313807773649,0.004579260643679417,1.1102230246251565e-16,0.0022896303218397375
0.75,1.925,0.8541242431437727,0.004427492510804321,3.3306690738754696e-16,0.002213746255402153
0.75,1.9500000000000002,0.8577259284134865,0.00427689361592809,9.992007221626409e-16,0.0021384468079640585
0.75,1.975,0.8612386877570448,0.004127915342547306,2.220446049250313e-16,0.0020639576712736035
0.75,2.0,0.8646647167633873,0.003980947148240155,4.440892098500626e-16,0.0019904735741200783
0.75,2.025,0.8680061568121697,0.003836322642422507,-1.1102230246251565e-16,0.0019181613212112545
0.75,2.0500000000000003,0.8712650964121958,0.003694325137253651,5.551115123125783e-16,0.0018471625686267876
0.75,2.075,0.8744435725068028,0.0035551927145596185,7.771561172376096e-16,0.001777596357279802
0.75,2.1,0.8775435717470181,0.0034191228482784997,6.661338147750939e-16,0.0017095614241392318
0.75,2.125,0.8805670317332803,0.00328627661882841,6.661338147750939e-16,0.0016431383094142216
0.75,2.15,0.883515842226503,0.0031567825529388305,3.3306690738754696e-16,0.0015783912764694597
0.75,2.1750000000000003,0.8863918463292363,0.0030307401198357287,3.3306690738754696e-16,0.0015153700599178936
0.75,2.2,0.8891968416376661,0.002908222912232805,9.992007221626409e-16,0.001454111456116367
0.75,2.225,0.8919325813651707,0.002789281538325694,4.440892098500626e-16,0.0013946407691628755
0.75,2.25,0.8946007754381357,0.0026739462489080434,8.881784197001252e-16,0.001336973124454073
0.75,2.275,0.8972030915647136,0.0025622293218034997,3.3306690738754696e-16,0.0012811146609017546
0.75,2.3000000000000003,0.8997411562771963,0.0024541272240432566,5.551115123125783e-16,0.0012270636120216211
0.75,2.325,0.9022165559486499,0.0023496225705808005,7.771561172376096e-16,0.0011748112852904293
0.75,2.35,0.9046308377844504,0.0022486858968280288,3.3306690738754696e-16,0.00112434294841402
0.75,2.375,0.9069855107893365,0.0021512772609073583,3.3306690738754696e-16,0.0010756386304536778
0.75,2.4000000000000004,0.9092820467105875,0.0020573476902339127,3.3306690738754696e-16,0.0010286738451169928
0.75,2.4250000000000003,0.9115218809579128,0.0019668404858572686,6.661338147750939e-16,0.0009834202429286544
0.75,2.45,0.9137064135006295,0.0018796923969026658,5.551115123125783e-16,0.0009398461984513759
0.75,2.475,0.9158370097426897,0.0017958346764503919,4.440892098500626e-16,0.0008979173382251901
0.75,2.5,0.9179150013761012,0.0017151940292603474,2.220446049250313e-16,0.0008575970146301739
0.75,2.5250000000000004,0.9199416872132795,0.0016376934609028115,3.3306690738754696e-16,0.0008188467304513792
0.75,2.5500000000000003,0.9219183339988468,0.0015632530370632836,2.220446049250313e-16,0.0007816265185316802
0.75,2.575,0.9238461772013897,0.0014917905610725146,3.3306690738754696e-16,0.0007458952805362664
0.75,2.6,0.9257264217856661,0.0014232221770384967,3.3306690738754696e-16,0.0007116110885192969
0.75,2.625,0.9275602429657486,0.0013574629053523246,2.220446049250313e-16,0.0006787314526761851
0.75,2.6500000000000004,0.9293487869395705,0.0012944271167651955,4.440892098500626e-16,0.0006472135583825891
0.75,2.6750000000000003,0.9310931716053374,0.0012340289507219993,5.551115123125783e-16,0.0006170144753609719
0.75,2.7,0.9327944872602503,0.0011761826831528932,1.1102230246251565e-16,0.0005880913415764737
0.75,2.725,0.9344537972819756,0.0011208030484872733,3.3306690738754696e-16,0.000560401524243597
0.75,2.75,0.9360721387932924,0.001067805520245546,5.551115123125783e-16,0.0005339027601227645
0.75,2.7750000000000004,0.9376505233103266,0.0010171065541995095,5.551115123125783e-16,0.0005085532770997026
0.75,2.8000000000000003,0.9391899373747821,0.0009686237977386547,2.220446049250313e-16,0.0004843118988692855
0.75,2.825,0.9406913431705612,0.0009222762687768338,3.3306690738754696e-16,0.00046113813438837173
0.75,2.85,0.9421556791251615,0.0008779845072348635,5.551115123125783e-16,0.0004389922536174767
0.75,2.875,0.9435838604962227,0.000835670701876845,3.3306690738754696e-16,0.0004178353509384419
0.75,2.9000000000000004,0.9449767799435927,0.000795258795026621,7.771561172376096e-16,0.00039762939751336374
0.75,2.9250000000000003,0.9463353080872698,0.0007566745674760789,1.1102230246251565e-16,0.00037833728373799726
0.75,2.95,0.9476602940515676,0.0007198457056807328,6.661338147750939e-16,0.00035992285284036873
0.75,2.975,0.9489525659958457,0.0006847018531617177,1.1102230246251565e-15,0.00034235092658084975
0.75,3.0,0.950212931632136,0.0006511746478474745,2.220446049250313e-16,0.0003255873239237292
0.75,3.0250000000000004,0.95144217872999,0.0006191977469418575,7.771561172376096e-16,0.00030959887347095
0.75,3.0500000000000003,0.9526410756088591,0.0005887068407524065,6.661338147750939e-16,0.0002943534203761725
0.75,3.075,0.9538103716183199,0.0005596396567815187,8.881784197001252e-16,0.00027981982839074467
0.75,3.1,0.9549507976064422,0.000531935955264462,2.220446049250313e-16,0.0002659679776322846
0.75,3.125,0.9560630663765926,0.0005055375172215992,4.440892098500626e-16,0.00025276875861081767
0.75,3.1500000000000004,0.9571478731329598,0.0004803881259927145,3.3306690738754696e-16,0.00024019406299639738
0.75,3.1750000000000003,0.9582058959150801,0.00045643354313096296,4.440892098500626e-16,0.00022821677156551834
0.75,3.2,0.9592377960216338,0.00043362147944181473,3.3306690738754696e-16,0.0002168107397209569
0.75,3.225,0.9602442184237787,0.0004119015618815336,3.3306690738754696e-16,0.00020595078094073958
0.75,3.25,0.961225792168278,0.0003912252969526797,1.2212453270876722e-15,0.00019561264847639358
0.75,3.2750000000000004,0.962183130770675,0.00037154603117617313,1.1102230246251565e-16,0.00018577301558811765
0.75,3.3000000000000003,0.96311683259876,0.0003528189091499545,4.440892098500626e-16,0.00017640945457499796
0.75,3.325,0.9640274812465703,0.0003350008296625351,4.440892098500626e-16,0.00016750041483130053
0.75,3.35,0.964915645899155,0.00031805040027088616,4.440892098500626e-16,0.0001590252001354165
0.75,3.375,0.965781881688334,0.0003019278907110401,5.551115123125783e-16,0.00015096394535555772
0.75,3.4000000000000004,0.9666267300396739,0.0002865951854720272,4.440892098500626e-16,0.00014329759273604332
0.75,3.4250000000000003,0.9674507190108966,0.00027201573581892013,3.3306690738754696e-16,0.0001360078679094606
0.75,3.45,0.9682543636219321,0.0002581545115265538,5.551115123125783e-16,0.00012907725576324957
0.75,3.475,0.9690381661768231,0.0002449779525479645,3.3306690738754696e-16,0.00012248897627396347
0.75,3.5,0.9698026165776815,0.00023245392081738814,5.551115123125783e-16,0.00011622696040873242
0.75,3.5250000000000004,0.9705481926308928,0.00022055165236167795,4.440892098500626e-16,0.0001102758261808666
0.75,3.5500000000000003,0.9712753603457606,0.0002092417098706889,7.771561172376096e-16,0.00010462085493530458
0.75,3.575,0.9719845742257782,0.0001984959358587446,6.661338147750939e-16,9.924796792933572e-05
0.75,3.6,0.9726762775527075,0.0001882874065297635,7.771561172376096e-16,9.414370326486036e-05
0.75,3.625,0.9733509026636445,0.00017859038644019165,6.661338147750939e-16,8.929519322009287e-05
0.75,3.6500000000000004,0.9740088712212447,0.00016938028404234196,3.3306690738754696e-16,8.469014202118659e-05
0.75,3.6750000000000003,0.9746505944772751,0.00016063360817497596,6.661338147750939e-16,8.03168040875092e-05
0.75,3.7,0.9752764735296606,0.000152327925556639,7.771561172376096e-16,7.616396277828769e-05
0.75,3.725,0.9758868995731831,0.00014444181932593558,5.551115123125783e-16,7.222090966296247e-05
0.75,3.75,0.9764822541439909,0.0001369548486656047,6.661338147750939e-16,6.847742433274943e-05
0.75,3.7750000000000004,0.977062909358071,0.00012984750953326518,8.881784197001252e-16,6.492375476664284e-05
0.75,3.8000000000000003,0.9776292281438345,0.00012310119652259033,3.3306690738754696e-16,6.155059826124182e-05
0.75,3.825,0.9781815644689572,0.00011669816586090676,8.881784197001252e-16,5.834908293044433e-05
0.75,3.85,0.9787202635616228,0.00011062149955609613,6.661338147750939e-16,5.531074977800185e-05
0.75,3.875,0.9792456621263003,0.00010485507068680455,-2.7755575615628914e-16,5.242753534335567e-05
0.75,3.9000000000000004,0.9797580885541957,9.938350983751398e-05,6.661338147750939e-16,4.969175491880223e-05
0.75,3.9250000000000003,0.9802578631285073,9.419217266803948e-05,4.440892098500626e-16,4.709608633406048e-05
0.75,3.95,0.9807452982246131,8.926710860501785e-05,4.440892098500626e-16,4.4633554302526904e-05
0.75,3.975,0.9812206985053156,8.459503064406348e-05,6.661338147750939e-16,4.229751532199989e-05
0.75,4.0,0.9816843611112658,8.016328624260716e-05,2.220446049250313e-16,4.0081643121354624e-05
0.75,4.025,0.982136575846686,7.595982928698675e-05,-5.551115123125783e-17,3.797991464352221e-05
0.75,4.05,0.9825776253605065,7.197319310847661e-05,0.0,3.598659655421599e-05
0.75,4.075,0.9830077853230309,6.819246453004801e-05,5.551115123125783e-16,3.409623226504913e-05
0.75,4.1000000000000005,0.9834273245982388,6.460725891810348e-05,0.0,3.2303629459069536e-05
0.75,4.125,0.9838365054118341,6.120769621231759e-05,7.771561172376096e-16,3.060384810621109e-05
0.75,4.15,0.9842355835151455,5.7984377911601825e-05,1.1102230246251565e-16,2.8992188955759815e-05
0.75,4.175,0.9846248083449786,5.492836498532938e-05,8.881784197001252e-16,2.746418249265591e-05
0.75,4.2,0.9850044231795223,5.2031156688503444e-05,2.220446049250313e-16,2.6015578344216563e-05
0.75,4.2250000000000005,0.9853746652904057,4.9284670247562445e-05,9.992007221626409e-16,2.464233512374546e-05
0.75,4.25,0.9857357660910008,4.668122139483977e-05,7.771561172376096e-16,2.33406106974335e-05
0.75,4.275,0.9860879512810624,4.421350572192395e-05,6.661338147750939e-16,2.210675286095339e-05
0.75,4.3,0.9864314409877991,4.187458082438589e-05,-1.6653345369377348e-16,2.0937290412199537e-05
0.75,4.325,0.9867664499034591,3.965784921344806e-05,5.551115123125783e-16,1.982892460673378e-05
0.75,4.3500000000000005,0.9870931874195201,3.7557041965285975e-05,2.220446049250313e-16,1.87785209826311e-05
0.75,4.375,0.987411857757566,3.556620308309277e-05,2.220446049250313e-16,1.7783101541599235e-05
0.75,4.4,0.9877226600969315,3.3679674546815974e-05,4.440892098500626e-16,1.6839837273452453e-05
0.75,4.425,0.9880257886991963,3.189208202258875e-05,9.992007221626409e-16,1.5946041011250053e-05
0.75,4.45,0.9883214330296045,3.0198321209429224e-05,7.771561172376096e-16,1.5099160604666746e-05
0.75,4.4750000000000005,0.9886097778754867,2.8593544798782844e-05,2.220446049250313e-16,1.4296772399433052e-05
0.75,4.5,0.9888910034617577,2.7073150022038917e-05,-1.1102230246251565e-16,1.353657501096635e-05
0.75,4.525,0.9891652855635639,2.5632766761152226e-05,3.3306690738754696e-16,1.2816383380618639e-05
0.75,4.55,0.9894327956161474,2.4268246206604616e-05,9.992007221626409e-16,1.2134123103265469e-05
0.75,4.575,0.9896937008219993,2.2975650030510053e-05,9.992007221626409e-16,1.1487825015285532e-05
0.75,4.6000000000000005,0.9899481642553665,2.1751240064649124e-05,7.771561172376096e-16,1.0875620032283429e-05
0.75,4.625,0.9901963449641782,2.0591468452568762e-05,1.1102230246251565e-16,1.02957342262487e-05
0.75,4.65,0.9904383980694565,1.9492968264200883e-05,9.992007221626409e-16,9.74648413214794e-06
0.75,4.675,0.9906744748622717,1.8452544548575034e-05,3.3306690738754696e-16,9.226272274286018e-06
0.75,4.7,0.9909047228983042,1.746716580619534e-05,2.220446049250313e-16,8.733582903078495e-06
0.75,4.7250000000000005,0.9911292860900718,1.6533955866426808e-05,3.3306690738754696e-16,8.26697793321037e-06
0.75,4.75,0.9913483047968794,1.5650186149018808e-05,5.551115123125783e-16,7.82509307445717e-06
0.75,4.775,0.9915619159125485,1.4813268293556447e-05,4.440892098500626e-16,7.406634146769228e-06
0.75,4.800000000000001,0.99177025295098,1.4020747143073109e-05,0.0,7.010373571510113e-06
0.75,4.825,0.9919734461296048,1.3270294062062149e-05,3.3306690738754696e-16,6.635147031057836e-06
0.75,4.8500000000000005,0.9921716224507743,1.2559700578451682e-05,7.771561172376096e-16,6.2798502892559295e-06
0.75,4.875,0.99236490578114,1.1886872330890697e-05,5.551115123125783e-16,5.943436165499915e-06
0.75,4.9,0.9925534169290756,1.1249823311132445e-05,3.3306690738754696e-16,5.624911655514761e-06
0.75,4.925000000000001,0.9927372737201852,1.0646670384417689e-05,5.551115123125783e-16,5.323335192169719e-06
0.75,4.95,0.9929165910709479,1.0075628079864174e-05,4.440892098500626e-16,5.037814039921201e-06
0.75,4.9750000000000005,0.9930914810605455,9.535003633542871e-06,8.881784197001252e-16,4.7675018167498684e-06
0.75,5.0,0.9932620530009145,9.023192275359193e-06,4.440892098500626e-16,4.511596137705429e-06
1.0,0.0,0.0,0.41321211119293455,0.3666060555964674,-0.4733939444035329
1.0,0.025,0.024690087971667385,0.36020747442761936,0.330138437549639,-0.4391881483877597
1.0,0.05,0.048770575499285984,0.31088662549167534,0.29654568655524527,-0.4074539439394419
1.0,0.07500000000000001,0.07225651367144714,0.26484798000773035,0.2655751775766887,-0.3780127424686967
1.0,0.1,0.09516258196404048,0.22172909372972915,0.23699761299582844,-0.3506988595745257
1.0,0.125,0.11750309741540454,0.18120325381791158,0.21060527129472817,-0.3253585826331178
1.0,0.15000000000000002,0.1392920235749422,0.14297634687766103,0.1862103270769725,-0.30184930575896496
1.0,0.17500000000000002,0.16054297923079264,0.1067839822256369,0.16364324309823375,-0.2800387272706759
1.0,0.2,0.18126924692201818,0.07238885047912036,0.1427512369825823,-0.259804105145108
1.0,0.225,0.20148378124062294,0.03957829907530419,0.12339682651276962,-0.24103156626979194
1.0,0.25,0.22119921692859512,0.00816210772528092,0.105456457861417,-0.2236154656063683
1.0,0.275,0.24042787677503152,0.0,0.08881922099369066,-0.20745779165863518
1.0,0.30000000000000004,0.2591817793182821,0.0,0.07338565587173629,-0.19246761489940442
1.0,0.325,0.2774726463579278,0.0,0.059066652186995805,-0.17856057605211514
1.0,0.35000000000000003,0.29531191028128656,0.0,0.0457824442878082,-0.16565841134742376
1.0,0.375,0.31271072120902776,0.0,0.03346170187818609,-0.15368851208310863
1.0,0.4,0.3296799539643607,0.0,0.022040716020929496,-0.14258351600863095
1.0,0.42500000000000004,0.3462302148701527,0.0,0.011462679015738164,-0.1322809282348305
1.0,0.45,0.36237184837822667,0.0,0.0016770558094996169,-0.12272276953535853
1.0,0.47500000000000003,0.37811494353498,0.0,5.551115123125783e-16,-0.11385525006062917
1.0,0.5,0.3934693402873666,0.0,4.440892098500626e-16,-0.10562846662805714
1.0,0.525,0.4084446356331849,0.0,4.440892098500626e-16,-0.09799612188505309
1.0,0.55,0.42305018961951335,0.0,8.881784197001252e-16,-0.09091526376431691
1.0,0.5750000000000001,0.4372951311930443,0.0,6.661338147750939e-16,-0.08434604376518721
1.0,0.6000000000000001,0.4511883639059736,0.0,6.661338147750939e-16,-0.07825149270073564
1.0,0.625,0.4647385714810097,0.0,4.440892098500626e-16,-0.07259731264859376
1.0,0.65,0.47795422323898396,0.0,3.3306690738754696e-16,-0.06735168393469022
1.0,0.675,0.4908435793924508,0.0,8.881784197001252e-16,-0.06248508606366848
1.0,0.7000000000000001,0.5034146962085906,0.0,1.1102230246251565e-16,-0.05797013158824731
1.0,0.7250000000000001,0.5156754310446376,0.0,6.661338147750939e-16,-0.053781411982605644
1.0,0.75,0.5276334472589853,0.0,3.3306690738754696e-16,-0.049895354652414736
1.0,0.775,0.5392962190010342,0.0,-1.6653345369377348e-16,-0.04629009027683081
1.0,0.8,0.5506710358827784,0.0,1.1102230246251565e-16,-0.04294532973589044
1.0,0.8250000000000001,0.5617650075350509,0.0,0.0,-0.03984224993070418
1.0,0.8500000000000001,0.5725850680512734,0.0,4.440892098500626e-16,-0.0369633878538852
1.0,0.875,0.5831379803214916,0.0,6.661338147750939e-16,-0.03429254231407791
1.0,0.9,0.5934303402594009,0.0,0.0,-0.03181468276153202
1.0,0.925,0.6034685809250071,0.0,2.220446049250313e-16,-0.029515864701620688
1.0,0.9500000000000001,0.6132589765454988,0.0,5.551115123125783e-16,-0.027383151220283425
1.0,0.9750000000000001,0.622807646436843,0.0,3.3306690738754696e-16,-0.025404540179767697
1.0,1.0,0.6321205588285577,0.0,1.1102230246251565e-16,-0.023568896674951455
1.0,1.0250000000000001,0.6412035345940484,0.0,7.771561172376096e-16,-0.021865890370136958
1.0,1.05,0.6500622508888447,0.0,6.661338147750939e-16,-0.020285937363668783
1.0,1.075,0.6587022446990063,0.0,4.440892098500626e-16,-0.018820146253212742
1.0,1.1,0.6671289163019205,0.0,8.881784197001252e-16,-0.01746026809816882
1.0,1.125,0.6753475326416503,0.0,3.3306690738754696e-16,-0.016198649997626366
1.0,1.1500000000000001,0.6833632306209468,0.0,4.440892098500626e-16,-0.015028192022613851
1.0,1.175,0.6911810203119801,0.0,3.3306690738754696e-16,-0.013942307260274771
1.0,1.2000000000000002,0.698805788087798,0.0,5.551115123125783e-16,-0.012934884745111171
1.0,1.225,0.7062422996764672,0.0,6.661338147750939e-16,-0.012000255068687479
1.0,1.25,0.7134952031398099,0.0,4.440892098500626e-16,-0.01113315847425601
1.0,1.2750000000000001,0.7205690317785927,0.0,1.1102230246251565e-16,-0.01032871525675452
1.0,1.3,0.7274682069659875,0.0,1.1102230246251565e-16,-0.009582398301596339
1.0,1.3250000000000002,0.7341970409110734,0.0,4.440892098500626e-16,-0.008890007607711838
1.0,1.35,0.7407597393541085,0.0,2.220446049250313e-16,-0.008247646651465903
1.0,1.375,0.7471604041952535,0.0,3.3306690738754696e-16,-0.007651700458437032
1.0,1.4000000000000001,0.7534030360583935,0.0,1.1102230246251565e-16,-0.007098815259652127
1.0,1.425,0.7594915367916579,0.0,5.551115123125783e-16,-0.006585879617791993
1.0,1.4500000000000002,0.7654297119062023,0.0,2.220446049250313e-16,-0.006110006917150508
1.0,1.475,0.7712212729547776,0.0,6.661338147750939e-16,-0.005668519118808809
1.0,1.5,0.7768698398515702,0.0,6.661338147750939e-16,-0.0052589316896037444
1.0,1.5250000000000001,0.7823789431347672,0.0,1.1102230246251565e-16,-0.0048789396200766486
1.0,1.55,0.7877520261732569,0.0,0.0,-0.00452640445271644
1.0,1.5750000000000002,0.7929924473188474,0.0,2.220446049250313e-16,-0.004199342247496237
1.0,1.6,0.7981034820053446,0.0,3.3306690738754696e-16,-0.0038959124169789246
1.0,1.625,0.8030883247958059,0.0,5.551115123125783e-16,-0.0036144073681587206
1.0,1.6500000000000001,0.8079500913792459,0.0,3.3306690738754696e-16,-0.003353242892747189
1.0,1.675,0.812691820518043,0.0,1.2212453270876722e-15,-0.0031109492518237216
1.0,1.7000000000000002,0.8173164759472654,0.0,4.440892098500626e-16,-0.00288616290467815
1.0,1.725,0.8218269482271016,0.0,2.220446049250313e-16,-0.0026776188352982525
1.0,1.75,0.8262260565495548,0.0,2.220446049250313e-16,-0.0024841434333186
1.0,1.7750000000000001,0.83051655050053,0.0,4.440892098500626e-16,-0.00230464788936717
1.0,1.8,0.8347011117784134,0.0,2.220446049250313e-16,-0.002138122067641246
1.0,1.8250000000000002,0.8387823558702232,0.0,5.551115123125783e-16,-0.0019836288212294957
1.0,1.85,0.8427628336863724,0.0,7.771561172376096e-16,-0.0018402987181892544
1.0,1.875,0.8466450331550716,0.0,5.551115123125783e-16,-0.0017073251486988653
1.0,1.9000000000000001,0.8504313807773649,0.0,2.220446049250313e-16,-0.001583959785750301
1.0,1.925,0.8541242431437727,0.0,0.0,-0.0014695083738362046
1.0,1.9500000000000002,0.8577259284134865,0.0,1.2212453270876722e-15,-0.0013633268219318084
1.0,1.975,0.8612386877570448,0.0,3.3306690738754696e-16,-0.001264817578784235
1.0,2.0,0.8646647167633873,0.0,6.661338147750939e-16,-0.001173426270110935
1.0,2.025,0.8680061568121697,0.0,4.440892098500626e-16,-0.001088638578782225
1.0,2.0500000000000003,0.8712650964121958,0.0,0.0,-0.0010099773504311771
1.0,2.075,0.8744435725068028,0.0,5.551115123125783e-16,-0.000936999908201899
1.0,2.1,0.8775435717470181,0.0,6.661338147750939e-16,-0.0008692955615247665
1.0,2.125,0.8805670317332803,0.0,6.661338147750939e-16,-0.0008064832948989207
1.0,2.15,0.883515842226503,0.0,2.220446049250313e-16,-0.0007482096236752629
1.0,2.1750000000000003,0.8863918463292363,0.0,2.220446049250313e-16,-0.0006941466047730622
1.0,2.2,0.8891968416376661,0.0,8.881784197001252e-16,-0.0006439899911352917
1.0,2.225,0.8919325813651707,0.0,8.881784197001252e-16,-0.0005974575195365497
1.0,2.25,0.8946007754381357,0.0,1.1102230246251565e-15,-0.0005542873221080497
1.0,2.275,0.8972030915647136,0.0,2.220446049250313e-16,-0.0005142364526402407
1.0,2.3000000000000003,0.8997411562771963,0.0,4.440892098500626e-16,-0.00047707951936968034
1.0,2.325,0.9022165559486499,0.0,8.881784197001252e-16,-0.0004426074165559785
1.0,2.35,0.9046308377844504,0.0,3.3306690738754696e-16,-0.00041062614771051394
1.0,2.375,0.9069855107893365,0.0,0.0,-0.00038095573385461823
1.0,2.4000000000000004,0.9092820467105875,0.0,-1.1102230246251565e-16,-0.0003534292006631346
1.0,2.4250000000000003,0.9115218809579128,0.0,9.992007221626409e-16,-0.0003278916387935324
1.0,2.45,0.9137064135006295,0.0,6.661338147750939e-16,-0.00030419933211229465
1.0,2.475,0.9158370097426897,0.0,4.440892098500626e-16,-0.0002822189489126775
1.0,2.5,0.9179150013761012,0.0,3.3306690738754696e-16,-0.00026182679157222774
1.0,2.5250000000000004,0.9199416872132795,0.0,2.220446049250313e-16,-0.0002429081004274376
1.0,2.5500000000000003,0.9219183339988468,0.0,4.440892098500626e-16,-0.00022535640794799693
1.0,2.575,0.9238461772013897,0.0,5.551115123125783e-16,-0.00020907293957615178
1.0,2.6,0.9257264217856661,0.0,4.440892098500626e-16,-0.0001939660578593397
1.0,2.625,0.9275602429657486,0.0,1.1102230246251565e-16,-0.00017995074674783055
1.0,2.6500000000000004,0.9293487869395705,0.0,3.3306690738754696e-16,-0.00016694813315525832
1.0,2.6750000000000003,0.9310931716053374,0.0,4.440892098500626e-16,-0.0001548850430895025
1.0,2.7,0.9327944872602503,0.0,-5.551115123125783e-17,-0.00014369358985600353
1.0,2.725,0.9344537972819756,0.0,4.440892098500626e-16,-0.00013331079201607494
1.0,2.75,0.9360721387932924,0.0,2.220446049250313e-16,-0.0001236782189502138
1.0,2.7750000000000004,0.9376505233103266,0.0,6.661338147750939e-16,-0.00011474166203177717
1.0,2.8000000000000003,0.9391899373747821,0.0,2.220446049250313e-16,-0.00010645082956049355
1.0,2.825,0.9406913431705612,0.0,3.3306690738754696e-16,-9.87590637390192e-05
1.0,2.85,0.9421556791251615,0.0,2.220446049250313e-16,-9.162307809978216e-05
1.0,2.875,0.9435838604962227,0.0,3.3306690738754696e-16,-8.500271390444325e-05
1.0,2.9000000000000004,0.9449767799435927,0.0,8.881784197001252e-16,-7.886071414509652e-05
1.0,2.9250000000000003,0.9463353080872698,0.0,-5.551115123125783e-17,-7.316251387533205e-05
1.0,2.95,0.9476602940515676,0.0,3.3306690738754696e-16,-6.787604569126226e-05
1.0,2.975,0.9489525659958457,0.0,1.1102230246251565e-15,-6.297155926780724e-05
1.0,3.0,0.950212931632136,0.0,3.3306690738754696e-16,-5.842145393465973e-05
1.0,3.0250000000000004,0.95144217872999,0.0,9.992007221626409e-16,-5.420012334972481e-05
1.0,3.0500000000000003,0.9526410756088591,0.0,8.881784197001252e-16,-5.028381139591168e-05
1.0,3.075,0.9538103716183199,0.0,7.771561172376096e-16,-4.6650478490330625e-05
1.0,3.1,0.9549507976064422,0.0,2.220446049250313e-16,-4.3279677553514125e-05
1.0,3.125,0.9560630663765926,0.0,3.3306690738754696e-16,-4.015243894067285e-05
1.0,3.1500000000000004,0.9571478731329598,0.0,5.551115123125783e-16,-3.725116368741431e-05
1.0,3.1750000000000003,0.9582058959150801,0.0,4.440892098500626e-16,-3.455952446915672e-05
1.0,3.2,0.9592377960216338,0.0,4.440892098500626e-16,-3.20623737168729e-05
1.0,3.225,0.9602442184237787,0.0,5.551115123125783e-16,-2.9745658372060168e-05
1.0,3.25,0.961225792168278,0.0,1.1102230246251565e-15,-2.7596340801233755e-05
1.0,3.2750000000000004,0.962183130770675,0.0,3.3306690738754696e-16,-2.5602325424847476e-05
1.0,3.3000000000000003,0.96311683259876,0.0,6.661338147750939e-16,-2.375239064776628e-05
1.0,3.325,0.9640274812465703,0.0,5.551115123125783e-16,-2.203612570819594e-05
1.0,3.35,0.964915645899155,0.0,2.220446049250313e-16,-2.0443872089695862e-05
1.0,3.375,0.965781881688334,0.0,3.3306690738754696e-16,-1.8966669166549396e-05
1.0,3.4000000000000004,0.9666267300396739,0.0,6.661338147750939e-16,-1.7596203776615135e-05
1.0,3.4250000000000003,0.9674507190108966,0.0,3.3306690738754696e-16,-1.632476343786415e-05
1.0,3.45,0.9682543636219321,0.0,7.771561172376096e-16,-1.5145192945333487e-05
1.0,3.475,0.9690381661768231,0.0,4.440892098500626e-16,-1.4050854104222307e-05
1.0,3.5,0.9698026165776815,0.0,5.551115123125783e-16,-1.303558837254507e-05
1.0,3.5250000000000004,0.9705481926308928,0.0,4.440892098500626e-16,-1.2093682203088644e-05
1.0,3.5500000000000003,0.9712753603457606,0.0,8.881784197001252e-16,-1.1219834889643094e-05
1.0,3.575,0.9719845742257782,0.0,5.551115123125783e-16,-1.040912873654824e-05
1.0,3.6,0.9726762775527075,0.0,8.881784197001252e-16,-9.657001383688085e-06
1.0,3.625,0.9733509026636445,0.0,9.992007221626409e-16,-8.959220131182436e-06
1.0,3.6500000000000004,0.9740088712212447,0.0,4.440892098500626e-16,-8.311858119287966e-06
1.0,3.6750000000000003,0.9746505944772751,0.0,6.661338147750939e-16,-7.71127222945652e-06
1.0,3.7,0.9752764735296606,0.0,5.551115123125783e-16,-7.154082582184728e-06
1.0,3.725,0.9758868995731831,0.0,5.551115123125783e-16,-6.637153516278521e-06
1.0,3.75,0.9764822541439909,0.0,4.440892098500626e-16,-6.15757594248998e-06
1.0,3.7750000000000004,0.977062909358071,0.0,9.992007221626409e-16,-5.71265097221849e-06
1.0,3.8000000000000003,0.9776292281438345,0.0,5.551115123125783e-16,-5.299874729144106e-06
1.0,3.825,0.9781815644689572,0.0,9.992007221626409e-16,-4.916924258320798e-06
1.0,3.85,0.9787202635616228,0.0,6.661338147750939e-16,-4.561644453427905e-06
1.0,3.875,0.9792456621263003,0.0,-1.1102230246251565e-16,-4.23203592861456e-06
1.0,3.9000000000000004,0.9797580885541957,0.0,5.551115123125783e-16,-3.9262437666804634e-06
1.0,3.9250000000000003,0.9802578631285073,0.0,5.551115123125783e-16,-3.642547080275909e-06
1.0,3.95,0.9807452982246131,0.0,3.3306690738754696e-16,-3.379349327371183e-06
1.0,3.975,0.9812206985053156,0.0,8.881784197001252e-16,-3.1351693264973332e-06
1.0,4.0,0.9816843611112658,0.0,2.220446049250313e-16,-2.908632921194939e-06
1.0,4.025,0.982136575846686,0.0,-5.551115123125783e-17,-2.6984652467593244e-06
1.0,4.05,0.9825776253605065,0.0,2.220446049250313e-16,-2.5034835557650444e-06
1.0,4.075,0.9830077853230309,0.0,4.440892098500626e-16,-2.3225905619916587e-06
1.0,4.1000000000000005,0.9834273245982388,0.0,0.0,-2.1547682652958844e-06
1.0,4.125,0.9838365054118341,0.0,7.771561172376096e-16,-1.9990722226757564e-06
1.0,4.15,0.9842355835151455,0.0,1.1102230246251565e-16,-1.8546262332878127e-06
1.0,4.175,0.9846248083449786,0.0,8.881784197001252e-16,-1.7206174075068815e-06
1.0,4.2,0.9850044231795223,0.0,3.3306690738754696e-16,-1.5962915922779732e-06
1.0,4.2250000000000005,0.9853746652904057,0.0,9.992007221626409e-16,-1.4809491270169147e-06
1.0,4.25,0.9857357660910008,0.0,5.551115123125783e-16,-1.3739409061738919e-06
1.0,4.275,0.9860879512810624,0.0,7.771561172376096e-16,-1.2746647263031527e-06
1.0,4.3,0.9864314409877991,0.0,-5.551115123125783e-17,-1.1825618970805336e-06
1.0,4.325,0.9867664499034591,0.0,5.551115123125783e-16,-1.0971140971967658e-06
1.0,4.3500000000000005,0.9870931874195201,0.0,3.3306690738754696e-16,-1.0178404574335787e-06
1.0,4.375,0.987411857757566,0.0,1.1102230246251565e-16,-9.442948545056688e-07
1.0,4.4,0.9877226600969315,0.0,4.440892098500626e-16,-8.760634004411998e-07
1.0,4.425,0.9880257886991963,0.0,8.881784197001252e-16,-8.127621133701805e-07
1.0,4.45,0.9883214330296045,0.0,6.661338147750939e-16,-7.540347566137808e-07
1.0,4.4750000000000005,0.9886097778754867,0.0,3.3306690738754696e-16,-6.995508339137738e-07
1.0,4.5,0.9888910034617577,0.0,-1.6653345369377348e-16,-6.490037295191903e-07
1.0,4.525,0.9891652855635639,0.0,1.1102230246251565e-16,-6.021089826644169e-07
1.0,4.55,0.9894327956161474,0.0,9.992007221626409e-16,-5.586026867267596e-07
1.0,4.575,0.9896937008219993,0.0,7.771561172376096e-16,-5.182400040564285e-07
1.0,4.6000000000000005,0.9899481642553665,0.0,7.771561172376096e-16,-4.807937881182503e-07
1.0,4.625,0.9901963449641782,0.0,2.220446049250313e-16,-4.4605330519392806e-07
1.0,4.65,0.9904383980694565,0.0,9.992007221626409e-16,-4.138230484489783e-07
1.0,4.675,0.9906744748622717,0.0,5.551115123125783e-16,-3.8392163769118897e-07
1.0,4.7,0.9909047228983042,0.0,3.3306690738754696e-16,-3.561807986285876e-07
1.0,4.7250000000000005,0.9911292860900718,0.0,2.220446049250313e-16,-3.3044441588297035e-07
1.0,4.75,0.9913483047968794,0.0,3.3306690738754696e-16,-3.065676544290431e-07
1.0,4.775,0.9915619159125485,0.0,3.3306690738754696e-16,-2.84416144515587e-07
1.0,4.800000000000001,0.99177025295098,0.0,1.1102230246251565e-16,-2.6386522548101094e-07
1.0,4.825,0.9919734461296048,0.0,3.3306690738754696e-16,-2.447992442086245e-07
1.0,4.8500000000000005,0.9921716224507743,0.0,7.771561172376096e-16,-2.2711090427268756e-07
1.0,4.875,0.99236490578114,0.0,5.551115123125783e-16,-2.1070066211320052e-07
1.0,4.9,0.9925534169290756,0.0,1.1102230246251565e-16,-1.954761668406274e-07
1.0,4.925000000000001,0.9927372737201852,0.0,5.551115123125783e-16,-1.813517405188424e-07
1.0,4.95,0.9929165910709479,0.0,6.661338147750939e-16,-1.6824789600072022e-07
1.0,4.9750000000000005,0.9930914810605455,0.0,9.992007221626409e-16,-1.5609088960316966e-07
1.0,5.0,0.9932620530009145,0.0,4.440892098500626e-16,-1.44812306104564e-07
1.25,0.0,0.0,0.41321211119293455,0.3666060555964674,-0.4733939444035329
1.25,0.025,0.024690087971667385,0.3475719385016638,0.3238232399784884,-0.44550591635073666
1.25,0.05,0.048770575499285984,0.2876593029579282,0.28495070219184204,-0.4190676052063151
1.25,0.07500000000000001,0.07225651367144714,0.23282375561576307,0.24962009345856906,-0.3940248546646802
1.25,0.1,0.09516258196404048,0.182481025236092,0.2174953755165112,-0.37032289382134437
1.25,0.125,0.11750309741540454,0.13610684554827568,0.18827048947292557,-0.34790678676793585
1.25,0.15000000000000002,0.1392920235749422,0.09323133151344565,0.1616672143543979,-0.32672181344107243
1.25,0.17500000000000002,0.16054297923079264,0.053433856892292964,0.13743318430881302,-0.3067137899373479
1.25,0.2,0.18126924692201818,0.016338389523538943,0.11534003713196139,-0.2878293356228986
1.25,0.225,0.20148378124062294,0.0,0.09518167148149437,-0.2700160935721084
1.25,0.25,0.22119921692859512,0.0,0.07677259553722315,-0.25322291015708853
1.25,0.275,0.24042787677503152,0.0,0.059946355597149115,-0.23739997896973988
1.25,0.30000000000000004,0.2591817793182821,0.0,0.044554038756137615,-0.22249895368419784
1.25,0.325,0.2774726463579278,0.0,0.03046284903361174,-0.20847303395281136
1.25,0.35000000000000003,0.29531191028128656,0.0,0.017554760841239303,-0.1952770279675733
1.25,0.375,0.31271072120902776,0.0,0.005725257406138717,-0.18286739490586873
1.25,0.4,0.3296799539643607,0.0,4.440892098500626e-16,-0.17120227010962602
1.25,0.42500000000000004,0.3462302148701527,0.0,6.661338147750939e-16,-0.16024147551622703
1.25,0.45,0.36237184837822667,0.0,2.220446049250313e-16,-0.14994651756381933
1.25,0.47500000000000003,0.37811494353498,0.0,4.440892098500626e-16,-0.14028057452956458
1.25,0.5,0.3934693402873666,0.0,4.440892098500626e-16,-0.13120847502353472
1.25,0.525,0.4084446356331849,0.0,5.551115123125783e-16,-0.12269666915068357
1.25,0.55,0.42305018961951335,0.0,5.551115123125783e-16,-0.11471319366585409
1.25,0.5750000000000001,0.4372951311930443,0.0,5.551115123125783e-16,-0.10722763227990958
1.25,0.6000000000000001,0.4511883639059736,0.0,5.551115123125783e-16,-0.10021107212658151
1.25,0.625,0.4647385714810097,0.0,4.440892098500626e-16,-0.0936360572676963
1.25,0.65,0.47795422323898396,0.0,3.3306690738754696e-16,-0.08747653999730794
1.25,0.675,0.4908435793924508,0.0,6.661338147750939e-16,-0.0817078306013953
1.25,0.7000000000000001,0.5034146962085906,0.0,4.440892098500626e-16,-0.07630654613781142
1.25,0.7250000000000001,0.5156754310446376,0.0,6.661338147750939e-16,-0.0712505587198207
1.25,0.75,0.5276334472589853,0.0,3.3306690738754696e-16,-0.0665189437147115
1.25,0.775,0.5392962190010342,0.0,-1.6653345369377348e-16,-0.06209192820563539
1.25,0.8,0.5506710358827784,0.0,2.220446049250313e-16,-0.057950840009052276
1.25,0.8250000000000001,0.5617650075350509,0.0,2.220446049250313e-16,-0.05407805749117134
1.25,0.8500000000000001,0.5725850680512734,0.0,4.440892098500626e-16,-0.05045696038381876
1.25,0.875,0.5831379803214916,0.0,4.440892098500626e-16,-0.04707188176257347
1.25,0.9,0.5934303402594009,0.0,4.440892098500626e-16,-0.0439080613172167
1.25,0.925,0.6034685809250071,0.0,3.3306690738754696e-16,-0.04095160001598533
1.25,0.9500000000000001,0.6132589765454988,0.0,5.551115123125783e-16,-0.03818941624035048
1.25,0.9750000000000001,0.622807646436843,0.0,4.440892098500626e-16,-0.0356092034456206
1.25,1.0,0.6321205588285577,0.0,3.3306690738754696e-16,-0.033199389384214045
1.25,1.0250000000000001,0.6412035345940484,0.0,6.661338147750939e-16,-0.030949096912620468
1.25,1.05,0.6500622508888447,0.0,4.440892098500626e-16,-0.02884810638956656
1.25,1.075,0.6587022446990063,0.0,4.440892098500626e-16,-0.026886819661445904
1.25,1.1,0.6671289163019205,0.0,8.881784197001252e-16,-0.0250562256214193
1.25,1.125,0.6753475326416503,0.0,4.440892098500626e-16,-0.023347867320529226
1.25,1.1500000000000001,0.6833632306209468,0.0,2.220446049250313e-16,-0.02175381060249736
1.25,1.175,0.6911810203119801,0.0,4.440892098500626e-16,-0.02026661422842247
1.25,1.2000000000000002,0.698805788087798,0.0,3.3306690738754696e-16,-0.018879301453205925
1.25,1.225,0.7062422996764672,0.0,9.992007221626409e-16,-0.017585333012075148
1.25,1.25,0.7134952031398099,0.0,5.551115123125783e-16,-0.016378581472917576
1.25,1.2750000000000001,0.7205690317785927,0.0,4.440892098500626e-16,-0.01525330690818753
1.25,1.3,0.7274682069659875,0.0,5.551115123125783e-16,-0.014204133838792033
1.25,1.3250000000000002,0.7341970409110734,0.0,6.661338147750939e-16,-0.013226029401528568
1.25,1.35,0.7407597393541085,0.0,4.440892098500626e-16,-0.012314282691255887
1.25,1.375,0.7471604041952535,0.0,3.3306690738754696e-16,-0.01146448522896366
1.25,1.4000000000000001,0.7534030360583935,0.0,2.220446049250313e-16,-0.010672512507207497
1.25,1.425,0.7594915367916579,0.0,5.551115123125783e-16,-0.009934506564949243
1.25,1.4500000000000002,0.7654297119062023,0.0,3.3306690738754696e-16,-0.009246859544629471
1.25,1.475,0.7712212729547776,0.0,7.771561172376096e-16,-0.008606198185275693
1.25,1.5,0.7768698398515702,0.0,8.881784197001252e-16,-0.008009369206569215
1.25,1.5250000000000001,0.7823789431347672,0.0,2.220446049250313e-16,-0.007453425540032217
1.25,1.55,0.7877520261732569,0.0,1.1102230246251565e-16,-0.006935613364826625
1.25,1.5750000000000002,0.7929924473188474,0.0,3.3306690738754696e-16,-0.006453359907053216
1.25,1.6,0.7981034820053446,0.0,2.220446049250313e-16,-0.006004261962888009
1.25,1.625,0.8030883247958059,0.0,4.440892098500626e-16,-0.005586075107369543
1.25,1.6500000000000001,0.8079500913792459,0.0,6.661338147750939e-16,-0.005196703552147618
1.25,1.675,0.812691820518043,0.0,9.992007221626409e-16,-0.004834190617004918
1.25,1.7000000000000002,0.8173164759472654,0.0,2.220446049250313e-16,-0.004496709781457903
1.25,1.725,0.8218269482271016,0.0,3.3306690738754696e-16,-0.004182556284224479
1.25,1.75,0.8262260565495548,0.0,-5.551115123125783e-17,-0.003890139239805395
1.25,1.7750000000000001,0.83051655050053,0.0,3.3306690738754696e-16,-0.003617974242857755
1.25,1.8,0.8347011117784134,0.0,-5.551115123125783e-17,-0.003364676432438113
1.25,1.8250000000000002,0.8387823558702232,0.0,3.3306690738754696e-16,-0.003128953989554383
1.25,1.85,0.8427628336863724,0.0,7.771561172376096e-16,-0.0029096020427890417
1.25,1.875,0.8466450331550716,0.0,3.3306690738754696e-16,-0.0027054969580353663
1.25,1.9000000000000001,0.8504313807773649,0.0,2.220446049250313e-16,-0.002515590989625819
1.25,1.925,0.8541242431437727,0.0,2.220446049250313e-16,-0.002338907271322259
1.25,1.9500000000000002,0.8577259284134865,0.0,9.992007221626409e-16,-0.002174535126783804
1.25,1.975,0.8612386877570448,0.0,4.440892098500626e-16,-0.0020216256802270856
1.25,2.0,0.8646647167633873,0.0,5.551115123125783e-16,-0.0018793877490477923
1.25,2.025,0.8680061568121697,0.0,3.3306690738754696e-16,-0.0017470840011793117
1.25,2.0500000000000003,0.8712650964121958,0.0,2.220446049250313e-16,-0.0016240273609278567
1.25,2.075,0.8744435725068028,0.0,6.661338147750939e-16,-0.0015095776479409875
1.25,2.1,0.8775435717470181,0.0,6.661338147750939e-16,-0.0014031384348417652
1.25,2.125,0.8805670317332803,0.0,6.661338147750939e-16,-0.001304154109893512
1.25,2.15,0.883515842226503,0.0,3.3306690738754696e-16,-0.0012121071318513012
1.25,2.1750000000000003,0.8863918463292363,0.0,1.1102230246251565e-16,-0.0011265154649081404
1.25,2.2,0.8891968416376661,0.0,9.992007221626409e-16,-0.0010469301823570446
1.25,2.225,0.8919325813651707,0.0,7.771561172376096e-16,-0.0009729332282658875
1.25,2.25,0.8946007754381357,0.0,7.771561172376096e-16,-0.0009041353271024251
1.25,2.275,0.8972030915647136,0.0,4.440892098500626e-16,-0.0008401740318524917
1.25,2.3000000000000003,0.8997411562771963,0.0,5.551115123125783e-16,-0.000780711901747493
1.25,2.325,0.9022165559486499,0.0,9.992007221626409e-16,-0.0007254348012586798
1.25,2.35,0.9046308377844504,0.0,4.440892098500626e-16,-0.0006740503125268652
1.25,2.375,0.9069855107893365,0.0,1.1102230246251565e-16,-0.0006262862538790625
1.25,2.4000000000000004,0.9092820467105875,0.0,1.1102230246251565e-16,-0.0005818892975382581
1.25,2.4250000000000003,0.9115218809579128,0.0,8.881784197001252e-16,-0.0005406236800619957
1.25,2.45,0.9137064135006295,0.0,5.551115123125783e-16,-0.0005022699994492287
1.25,2.475,0.9158370097426897,0.0,4.440892098500626e-16,-0.00046662409323592225
1.25,2.5,0.9179150013761012,0.0,0.0,-0.00043349599225782056
1.25,2.5250000000000004,0.9199416872132795,0.0,1.1102230246251565e-16,-0.0004027089450960416
1.25,2.5500000000000003,0.9219183339988468,0.0,4.440892098500626e-16,-0.0003740985085380069
1.25,2.575,0.9238461772013897,0.0,4.440892098500626e-16,-0.00034751169968408714
1.25,2.6,0.9257264217856661,0.0,4.440892098500626e-16,-0.000322806205610325
1.25,2.625,0.9275602429657486,0.0,2.220446049250313e-16,-0.00029984964676034616
1.25,2.6500000000000004,0.9293487869395705,0.0,4.440892098500626e-16,-0.00027851889048655126
1.25,2.6750000000000003,0.9310931716053374,0.0,6.661338147750939e-16,-0.00025869941139210445
1.25,2.7,0.9327944872602503,0.0,2.220446049250313e-16,-0.00024028469534271855
1.25,2.725,0.9344537972819756,0.0,1.1102230246251565e-16,-0.00022317568422094633
1.25,2.75,0.9360721387932924,0.0,3.3306690738754696e-16,-0.00020728025868682208
1.25,2.7750000000000004,0.9376505233103266,0.0,6.661338147750939e-16,-0.00019251275638783866
1.25,2.8000000000000003,0.9391899373747821,0.0,5.551115123125783e-16,-0.0001787935232289908
1.25,2.825,0.9406913431705612,0.0,2.220446049250313e-16,-0.0001660484954709453
1.25,2.85,0.9421556791251615,0.0,3.3306690738754696e-16,-0.0001542088105715729
1.25,2.875,0.9435838604962227,0.0,4.440892098500626e-16,-0.00014321044482394648
1.25,2.9000000000000004,0.9449767799435927,0.0,5.551115123125783e-16,-0.00013299387597299006
1.25,2.9250000000000003,0.9463353080872698,0.0,0.0,-0.00012350376911363537
1.25,2.95,0.9476602940515676,0.0,4.440892098500626e-16,-0.00011468868428643575
1.25,2.975,0.9489525659958457,0.0,1.1102230246251565e-15,-0.00010650080429217384
1.25,3.0,0.950212931632136,0.0,1.1102230246251565e-16,-9.889568134588333e-05
1.25,3.0250000000000004,0.95144217872999,0.0,7.771561172376096e-16,-9.183200128307185e-05
1.25,3.0500000000000003,0.9526410756088591,0.0,6.661338147750939e-16,-8.527136411734529e-05
1.25,3.075,0.9538103716183199,0.0,7.771561172376096e-16,-7.917807982935127e-05
1.25,3.1,0.9549507976064422,0.0,3.3306690738754696e-16,-7.351897834238601e-05
1.25,3.125,0.9560630663765926,0.0,4.440892098500626e-16,-6.826323271050079e-05
1.25,3.1500000000000004,0.9571478731329598,0.0,4.440892098500626e-16,-6.338219461077634e-05
1.25,3.1750000000000003,0.9582058959150801,0.0,3.3306690738754696e-16,-5.884924129291482e-05
1.25,3.2,0.9592377960216338,0.0,2.220446049250313e-16,-5.46396331967165e-05
1.25,3.225,0.9602442184237787,0.0,4.440892098500626e-16,-5.0730381501598355e-05
1.25,3.25,0.961225792168278,0.0,1.1102230246251565e-15,-4.71001249223768e-05
1.25,3.2750000000000004,0.962183130770675,0.0,2.220446049250313e-16,-4.372901511219888e-05
1.25,3.3000000000000003,0.96311683259876,0.0,6.661338147750939e-16,-4.059861007713513e-05
1.25,3.325,0.9640274812465703,0.0,4.440892098500626e-16,-3.7691775047565e-05
1.25,3.35,0.964915645899155,0.0,5.551115123125783e-16,-3.4992590289472304e-05
1.25,3.375,0.965781881688334,0.0,4.440892098500626e-16,-3.24862653741148e-05
1.25,3.4000000000000004,0.9666267300396739,0.0,3.3306690738754696e-16,-3.0159059457573986e-05
1.25,3.4250000000000003,0.9674507190108966,0.0,3.3306690738754696e-16,-2.7998207152455354e-05
1.25,3.45,0.9682543636219321,0.0,5.551115123125783e-16,-2.5991849602725506e-05
1.25,3.475,0.9690381661768231,0.0,5.551115123125783e-16,-2.4128970399413314e-05
1.25,3.5,0.9698026165776815,0.0,6.661338147750939e-16,-2.239933599988878e-05
1.25,3.5250000000000004,0.9705481926308928,0.0,5.551115123125783e-16,-2.0793440336648992e-05
1.25,3.5500000000000003,0.9712753603457606,0.0,9.992007221626409e-16,-1.9302453323244193e-05
1.25,3.575,0.9719845742257782,0.0,7.771561172376096e-16,-1.7918172985165092e-05
1.25,3.6,0.9726762775527075,0.0,8.881784197001252e-16,-1.6632980962341128e-05
1.25,3.625,0.9733509026636445,0.0,8.881784197001252e-16,-1.5439801147433095e-05
1.25,3.6500000000000004,0.9740088712212447,0.0,4.440892098500626e-16,-1.4332061240452933e-05
1.25,3.6750000000000003,0.9746505944772751,0.0,6.661338147750939e-16,-1.3303657015452534e-05
1.25,3.7,0.9752764735296606,0.0,6.661338147750939e-16,-1.2348919109216603e-05
1.25,3.725,0.9758868995731831,0.0,5.551115123125783e-16,-1.14625821550918e-05
1.25,3.75,0.9764822541439909,0.0,5.551115123125783e-16,-1.0639756097385698e-05
1.25,3.7750000000000004,0.977062909358071,0.0,9.992007221626409e-16,-9.875899533226873e-06
1.25,3.8000000000000003,0.9776292281438345,0.0,3.3306690738754696e-16,-9.166794939434606e-06
1.25,3.825,0.9781815644689572,0.0,7.771561172376096e-16,-8.508525651888808e-06
1.25,3.85,0.9787202635616228,0.0,7.771561172376096e-16,-7.897454474119348e-06
1.25,3.875,0.9792456621263003,0.0,-5.551115123125783e-17,-7.330203800461577e-06
1.25,3.9000000000000004,0.9797580885541957,0.0,3.3306690738754696e-16,-6.803637147114049e-06
1.25,3.9250000000000003,0.9802578631285073,0.0,4.440892098500626e-16,-6.314841991911569e-06
1.25,3.95,0.9807452982246131,0.0,3.3306690738754696e-16,-5.8611138305519056e-06
1.25,3.975,0.9812206985053156,0.0,5.551115123125783e-16,-5.439941363484838e-06
1.25,4.0,0.9816843611112658,0.0,1.1102230246251565e-16,-5.048992733678672e-06
1.25,4.025,0.982136575846686,0.0,2.220446049250313e-16,-4.6861027410708005e-06
1.25,4.05,0.9825776253605065,0.0,0.0,-4.349260964720523e-06
1.25,4.075,0.9830077853230309,0.0,2.220446049250313e-16,-4.036600728517638e-06
1.25,4.1000000000000005,0.9834273245982388,0.0,0.0,-3.746388850812467e-06
1.25,4.125,0.9838365054118341,0.0,5.551115123125783e-16,-3.4770161225188582e-06
1.25,4.15,0.9842355835151455,0.0,2.220446049250313e-16,-3.22698846214397e-06
1.25,4.175,0.9846248083449786,0.0,9.992007221626409e-16,-2.9949186998260275e-06
1.25,4.2,0.9850044231795223,0.0,2.220446049250313e-16,-2.7795189458328157e-06
1.25,4.2250000000000005,0.9853746652904057,0.0,6.661338147750939e-16,-2.5795935021138164e-06
1.25,4.25,0.9857357660910008,0.0,7.771561172376096e-16,-2.3940322784144027e-06
1.25,4.275,0.9860879512810624,0.0,7.771561172376096e-16,-2.2218046771786087e-06
1.25,4.3,0.9864314409877991,0.0,3.3306690738754696e-16,-2.0619539139865045e-06
1.25,4.325,0.9867664499034591,0.0,6.661338147750939e-16,-1.913591742623268e-06
1.25,4.3500000000000005,0.9870931874195201,0.0,3.3306690738754696e-16,-1.7758935560562751e-06
1.25,4.375,0.987411857757566,0.0,-5.551115123125783e-17,-1.6480938366283142e-06
1.25,4.4,0.9877226600969315,0.0,4.440892098500626e-16,-1.5294819306601866e-06
1.25,4.425,0.9880257886991963,0.0,9.992007221626409e-16,-1.4193981244105716e-06
1.25,4.45,0.9883214330296045,0.0,6.661338147750939e-16,-1.3172299999727245e-06
1.25,4.4750000000000005,0.9886097778754867,0.0,4.440892098500626e-16,-1.2224090512022033e-06
1.25,4.5,0.9888910034617577,0.0,0.0,-1.1344075411805807e-06
1.25,4.525,0.9891652855635639,0.0,4.440892098500626e-16,-1.0527355840299854e-06
1.25,4.55,0.9894327956161474,0.0,8.881784197001252e-16,-9.769384351098535e-07
1.25,4.575,0.9896937008219993,0.0,1.1102230246251565e-15,-9.065939747621285e-07
1.25,4.6000000000000005,0.9899481642553665,0.0,6.661338147750939e-16,-8.413103718195523e-07
1.25,4.625,0.9901963449641782,0.0,1.1102230246251565e-16,-7.807239140730145e-07
1.25,4.65,0.9904383980694565,0.0,1.2212453270876722e-15,-7.244969938005301e-07
1.25,4.675,0.9906744748622717,0.0,4.440892098500626e-16,-6.723162373061992e-07
1.25,4.7,0.9909047228983042,0.0,3.3306690738754696e-16,-6.238907682019555e-07
1.25,4.7250000000000005,0.9911292860900718,0.0,4.440892098500626e-16,-5.789505948944377e-07
1.25,4.75,0.9913483047968794,0.0,4.440892098500626e-16,-5.372451134173997e-07
1.25,4.775,0.9915619159125485,0.0,3.3306690738754696e-16,-4.985417173799531e-07
1.25,4.800000000000001,0.99177025295098,0.0,4.440892098500626e-16,-4.626245073853398e-07
1.25,4.825,0.9919734461296048,0.0,1.1102230246251565e-16,-4.2929309282080303e-07
1.25,4.8500000000000005,0.9921716224507743,0.0,6.661338147750939e-16,-3.9836147942209123e-07
1.25,4.875,0.99236490578114,0.0,4.440892098500626e-16,-3.696570364871824e-07
1.25,4.9,0.9925534169290756,0.0,3.3306690738754696e-16,-3.430195380490363e-07
1.25,4.925000000000001,0.9927372737201852,0.0,4.440892098500626e-16,-3.183002727241252e-07
1.25,4.95,0.9929165910709479,0.0,5.551115123125783e-16,-2.9536121732724127e-07
1.25,4.9750000000000005,0.9930914810605455,0.0,8.881784197001252e-16,-2.740742696954671e-07
1.25,5.0,0.9932620530009145,0.0,3.3306690738754696e-16,-2.543205364878475e-07
