state,n,gamma,R,closed,concurrence
Phi+,2,0.0,6.661338147750939e-16,0.0,1.0000000000000007
Phi+,2,0.025,0.0243750000000007,0.024375,0.9506250000003597
Phi+,2,0.05,0.047500000000000986,0.0475,0.9024999999999802
Phi+,2,0.07500000000000001,0.06937500000000107,0.06937500000000002,0.8556250000000053
Phi+,2,0.1,0.09000000000000097,0.09000000000000001,0.8100000000000022
Phi+,2,0.125,0.10937500000000089,0.109375,0.7656250000000006
Phi+,2,0.15000000000000002,0.12750000000000106,0.1275,0.7225
Phi+,2,0.17500000000000002,0.1443750000000008,0.144375,0.680624999999997
Phi+,2,0.2,0.1600000000000008,0.16000000000000003,0.6400000000000005
Phi+,2,0.225,0.1743750000000024,0.174375,0.6006250000000006
Phi+,2,0.25,0.18750000000000133,0.1875,0.5625
Phi+,2,0.275,0.19937500000000097,0.199375,0.5256250000000007
Phi+,2,0.30000000000000004,0.2100000000000013,0.21000000000000002,0.4899999999999982
Phi+,2,0.325,0.2193750000000012,0.21937500000000001,0.4556250000000006
Phi+,2,0.35000000000000003,0.2275000000000007,0.22749999999999998,0.4225000000000006
Phi+,2,0.375,0.23437500000000067,0.234375,0.39062500000000067
Phi+,2,0.4,0.24000000000000088,0.24,0.3600000000000007
Phi+,2,0.42500000000000004,0.24437500000000112,0.244375,0.3306249999999997
Phi+,2,0.45,0.2475000000000005,0.24750000000000003,0.3024999999999995
Phi+,2,0.47500000000000003,0.2493750000000008,0.24937499999999999,0.2756249999999997
Phi+,2,0.5,0.25000000000000133,0.25,0.24999999999999964
Phi+,2,0.525,0.2493750000000008,0.24937499999999999,0.22562499999999963
Phi+,2,0.55,0.24750000000000205,0.2475,0.20249999999999996
Phi+,2,0.5750000000000001,0.24437500000000112,0.24437499999999998,0.18062500000000012
Phi+,2,0.6000000000000001,0.24000000000000088,0.24,0.16000000000000025
Phi+,2,0.625,0.2343750000000011,0.234375,0.14062499999999978
Phi+,2,0.65,0.2275000000000007,0.22749999999999998,0.12249999999999994
Phi+,2,0.675,0.21937500000000076,0.219375,0.10562499999999994
Phi+,2,0.7000000000000001,0.21000000000000152,0.20999999999999996,0.09000000000000008
Phi+,2,0.7250000000000001,0.19937500000000097,0.19937499999999997,0.07562499999999994
Phi+,2,0.75,0.18750000000000155,0.1875,0.06250000000000017
Phi+,2,0.775,0.17437500000000083,0.17437499999999997,0.050624999999999934
Phi+,2,0.8,0.16000000000000192,0.15999999999999998,0.04000000000000001
Phi+,2,0.8250000000000001,0.14437500000000103,0.14437499999999995,0.030624999999999902
Phi+,2,0.8500000000000001,0.1275000000000004,0.12749999999999995,0.02249999999999996
Phi+,2,0.875,0.10937500000000089,0.109375,0.01562499999999999
Phi+,2,0.9,0.09000000000000052,0.08999999999999998,0.010000000000000026
Phi+,2,0.925,0.06937500000000063,0.06937499999999996,0.005624999999999956
Phi+,2,0.9500000000000001,0.0475000000000001,0.04749999999999994,0.002500000000000016
Phi+,2,0.9750000000000001,0.0243750000000007,0.024374999999999914,0.0006249999999999867
Phi+,2,1.0,4.440892098500626e-16,0.0,0.0
Psi+,2,0.0,8.881784197001252e-16,0.0,1.0000000000000007
Psi+,2,0.025,1.5543122344752192e-15,0.0,0.9749999937348349
Psi+,2,0.05,8.881784197001252e-16,0.0,0.9500000000000006
Psi+,2,0.07500000000000001,1.1102230246251565e-15,0.0,0.9250000000000008
Psi+,2,0.1,1.3322676295501878e-15,0.0,0.8999999937348343
Psi+,2,0.125,8.881784197001252e-16,0.0,0.8750000000000004
Psi+,2,0.15000000000000002,1.1102230246251565e-15,0.0,0.8499999937348345
Psi+,2,0.17500000000000002,1.1102230246251565e-15,0.0,0.8250000000000006
Psi+,2,0.2,1.1102230246251565e-15,0.0,0.8000000000000008
Psi+,2,0.225,1.7763568394002505e-15,0.0,0.774999993734835
Psi+,2,0.25,1.1102230246251565e-15,0.0,0.7500000000000009
Psi+,2,0.275,1.3322676295501878e-15,0.0,0.7250000000000003
Psi+,2,0.30000000000000004,1.3322676295501878e-15,0.0,0.7000000000000005
Psi+,2,0.325,1.3322676295501878e-15,0.0,0.6749999955698591
Psi+,2,0.35000000000000003,6.661338147750939e-16,0.0,0.6500000000000001
Psi+,2,0.375,6.661338147750939e-16,0.0,0.6250000000000004
Psi+,2,0.4,8.881784197001252e-16,0.0,0.5999999955698586
Psi+,2,0.42500000000000004,1.3322676295501878e-15,0.0,0.574999995569859
Psi+,2,0.45,4.440892098500626e-16,0.0,0.55
Psi+,2,0.47500000000000003,6.661338147750939e-16,0.0,0.5249999999999997
Psi+,2,0.5,8.881784197001252e-16,0.0,0.5000000000000003
Psi+,2,0.525,8.881784197001252e-16,0.0,0.47499999686741706
Psi+,2,0.55,1.7763568394002505e-15,0.0,0.4500000000000005
Psi+,2,0.5750000000000001,1.1102230246251565e-15,0.0,0.4250000000000003
Psi+,2,0.6000000000000001,6.661338147750939e-16,0.0,0.39999999999999997
Psi+,2,0.625,1.1102230246251565e-15,0.0,0.37499999686741714
Psi+,2,0.65,8.881784197001252e-16,0.0,0.35
Psi+,2,0.675,1.1102230246251565e-15,0.0,0.3249999977849295
Psi+,2,0.7000000000000001,1.1102230246251565e-15,0.0,0.2999999977849295
Psi+,2,0.7250000000000001,8.881784197001252e-16,0.0,0.2749999977849293
Psi+,2,0.75,8.881784197001252e-16,0.0,0.2500000000000003
Psi+,2,0.775,8.881784197001252e-16,0.0,0.22499999843370858
Psi+,2,0.8,1.5543122344752192e-15,0.0,0.20000000000000037
Psi+,2,0.8250000000000001,1.1102230246251565e-15,0.0,0.17500000000000002
Psi+,2,0.8500000000000001,8.881784197001252e-16,0.0,0.14999999889246465
Psi+,2,0.875,8.881784197001252e-16,0.0,0.12500000000000014
Psi+,2,0.9,6.661338147750939e-16,0.0,0.09999999999999999
Psi+,2,0.925,8.881784197001252e-16,0.0,0.07499999921685416
Psi+,2,0.9500000000000001,4.440892098500626e-16,0.0,0.049999999999999975
Psi+,2,0.9750000000000001,1.1102230246251565e-15,0.0,0.024999999999999863
Psi+,2,1.0,2.220446049250313e-16,0.0,0.0
GHZ3,3,0.0,6.661338147750939e-16,0.0,nan
GHZ3,3,0.025,0.03587598583391194,0.035875985833910606,nan
GHZ3,3,0.05,0.06857046275685219,0.06857046275685164,nan
GHZ3,3,0.07500000000000001,0.0981833878523013,0.09818338785229963,nan
GHZ3,3,0.1,0.12481496824546312,0.12481496824546234,nan
GHZ3,3,0.125,0.1485656783567999,0.14856567835679968,nan
GHZ3,3,0.15000000000000002,0.16953627886989664,0.16953627886989542,nan
GHZ3,3,0.17500000000000002,0.18782783763912958,0.18782783763912914,nan
GHZ3,3,0.2,0.20354175279993347,0.2035417527999327,nan
GHZ3,3,0.225,0.21677977838928952,0.21677977838928653,nan
GHZ3,3,0.25,0.22764405283833056,0.227644052838329,nan
GHZ3,3,0.275,0.23623713076483344,0.23623713076483205,nan
GHZ3,3,0.30000000000000004,0.24266201857385417,0.2426620185738529,nan
GHZ3,3,0.325,0.2470222144739822,0.2470222144739807,nan
GHZ3,3,0.35000000000000003,0.24942175363940633,0.24942175363940577,nan
GHZ3,3,0.375,0.2499652594013102,0.24996525940130926,nan
GHZ3,3,0.4,0.24875800154489092,0.24875800154489003,nan
GHZ3,3,0.42500000000000004,0.24590596303296586,0.24590596303296414,nan
GHZ3,3,0.45,0.24151591679026252,0.24151591679026146,nan
GHZ3,3,0.47500000000000003,0.23569551458747395,0.23569551458747273,nan
GHZ3,3,0.5,0.22855339059327506,0.2285533905932738,nan
GHZ3,3,0.525,0.2201992828621444,0.2201992828621428,nan
GHZ3,3,0.55,0.21074417696247316,0.2107441769624716,nan
GHZ3,3,0.5750000000000001,0.20030047722111344,0.20030047722111255,nan
GHZ3,3,0.6000000000000001,0.1889822128134715,0.18898221281347033,nan
GHZ3,3,0.625,0.17690528838592434,0.17690528838592295,nan
GHZ3,3,0.65,0.16418779240848713,0.16418779240848655,nan
GHZ3,3,0.675,0.1509503815786113,0.1509503815786099,nan
GHZ3,3,0.7000000000000001,0.1373167672515514,0.1373167672515498,nan
GHZ3,3,0.7250000000000001,0.12341434162339704,0.12341434162339578,nan
GHZ3,3,0.75,0.10937500000000133,0.109375,nan
GHZ3,3,0.775,0.09533624603068436,0.09533624603068279,nan
GHZ3,3,0.8,0.08144271909999379,0.08144271909999157,nan
GHZ3,3,0.8250000000000001,0.0678483773217331,0.06784837732173157,nan
GHZ3,3,0.8500000000000001,0.05471975019311137,0.054719750193111205,nan
GHZ3,3,0.875,0.04224104882416024,0.04224104882415922,nan
GHZ3,3,0.9,0.030622776601684665,0.030622776601683784,nan
GHZ3,3,0.925,0.020117720906444703,0.020117720906443714,nan
GHZ3,3,0.9500000000000001,0.01105533988749885,0.011055339887498926,nan
GHZ3,3,0.9750000000000001,0.003937222075211189,0.003937222075210453,nan
GHZ3,3,1.0,4.440892098500626e-16,0.0,nan
Phi+ x 0,3,0.0,6.661338147750939e-16,0.0,nan
Phi+ x 0,3,0.025,0.024375000000000924,0.024375,nan
Phi+ x 0,3,0.05,0.04750000000000121,0.0475,nan
Phi+ x 0,3,0.07500000000000001,0.06937500000000063,0.06937500000000002,nan
Phi+ x 0,3,0.1,0.09000000000000097,0.09000000000000001,nan
Phi+ x 0,3,0.125,0.10937500000000089,0.109375,nan
Phi+ x 0,3,0.15000000000000002,0.12750000000000106,0.1275,nan
Phi+ x 0,3,0.17500000000000002,0.14437500000000125,0.144375,nan
Phi+ x 0,3,0.2,0.16000000000000125,0.16000000000000003,nan
Phi+ x 0,3,0.225,0.17437500000000372,0.174375,nan
Phi+ x 0,3,0.25,0.1875000000000011,0.1875,nan
Phi+ x 0,3,0.275,0.1993750000000012,0.199375,nan
Phi+ x 0,3,0.30000000000000004,0.2100000000000013,0.21000000000000002,nan
Phi+ x 0,3,0.325,0.2193750000000012,0.21937500000000001,nan
Phi+ x 0,3,0.35000000000000003,0.2275000000000007,0.22749999999999998,nan
Phi+ x 0,3,0.375,0.23437500000000133,0.234375,nan
Phi+ x 0,3,0.4,0.2400000000000011,0.24,nan
Phi+ x 0,3,0.42500000000000004,0.24437500000000156,0.244375,nan
Phi+ x 0,3,0.45,0.24750000000000072,0.24750000000000003,nan
Phi+ x 0,3,0.47500000000000003,0.24937500000000123,0.24937499999999999,nan
Phi+ x 0,3,0.5,0.25000000000000133,0.25,nan
Phi+ x 0,3,0.525,0.24937500000000123,0.24937499999999999,nan
Phi+ x 0,3,0.55,0.24750000000000227,0.2475,nan
Phi+ x 0,3,0.5750000000000001,0.24437500000000156,0.24437499999999998,nan
Phi+ x 0,3,0.6000000000000001,0.2400000000000011,0.24,nan
Phi+ x 0,3,0.625,0.23437500000000133,0.234375,nan
Phi+ x 0,3,0.65,0.2275000000000007,0.22749999999999998,nan
Phi+ x 0,3,0.675,0.21937500000000143,0.219375,nan
Phi+ x 0,3,0.7000000000000001,0.2100000000000013,0.20999999999999996,nan
Phi+ x 0,3,0.7250000000000001,0.19937500000000097,0.19937499999999997,nan
Phi+ x 0,3,0.75,0.18750000000000133,0.1875,nan
Phi+ x 0,3,0.775,0.17437500000000128,0.17437499999999997,nan
Phi+ x 0,3,0.8,0.16000000000000236,0.15999999999999998,nan
Phi+ x 0,3,0.8250000000000001,0.14437500000000125,0.14437499999999995,nan
Phi+ x 0,3,0.8500000000000001,0.12750000000000106,0.12749999999999995,nan
Phi+ x 0,3,0.875,0.10937500000000111,0.109375,nan
Phi+ x 0,3,0.9,0.09000000000000097,0.08999999999999998,nan
Phi+ x 0,3,0.925,0.06937500000000107,0.06937499999999996,nan
Phi+ x 0,3,0.9500000000000001,0.04750000000000054,0.04749999999999994,nan
Phi+ x 0,3,0.9750000000000001,0.024375000000000924,0.024374999999999914,nan
Phi+ x 0,3,1.0,2.220446049250313e-16,0.0,nan
00+,3,0.0,6.661338147750939e-16,0.0,nan
00+,3,0.025,0.012420882906576391,0.012420882906574948,nan
00+,3,0.05,0.024679434480897156,0.02467943448089638,nan
00+,3,0.07500000000000001,0.0367692030835689,0.03676920308356724,nan
00+,3,0.1,0.04868329805051452,0.048683298050513746,nan
00+,3,0.125,0.06041434669348611,0.06041434669348533,nan
00+,3,0.15000000000000002,0.07195444572929022,0.07195444572928877,nan
00+,3,0.17500000000000002,0.0832951062292484,0.08329510622924752,nan
00+,3,0.2,0.09442719099991681,0.09442719099991581,nan
00+,3,0.225,0.10534084308295166,0.10534084308295044,nan
00+,3,0.25,0.11602540378443993,0.1160254037844386,nan
00+,3,0.275,0.12646931829632146,0.12646931829632002,nan
00+,3,0.30000000000000004,0.13666002653407738,0.1366600265340756,nan
00+,3,0.325,0.1465838362577505,0.14658383625774918,nan
00+,3,0.35000000000000003,0.15622577482985567,0.156225774829855,nan
00+,3,0.375,0.16556941504209544,0.16556941504209488,nan
00+,3,0.4,0.17459666924148398,0.17459666924148343,nan
00+,3,0.42500000000000004,0.18328754440515715,0.18328754440515505,nan
00+,3,0.45,0.19161984870956705,0.19161984870956628,nan
00+,3,0.47500000000000003,0.1995688373094726,0.19956883730947195,nan
00+,3,0.5,0.20710678118654813,0.20710678118654757,nan
00+,3,0.525,0.21420243760451263,0.21420243760451108,nan
00+,3,0.55,0.22082039324993818,0.22082039324993696,nan
00+,3,0.5750000000000001,0.22692024052026594,0.22692024052026494,nan
00+,3,0.6000000000000001,0.23245553203367653,0.23245553203367586,nan
00+,3,0.625,0.23737243569579558,0.23737243569579447,nan
00+,3,0.65,0.2416079783099625,0.2416079783099616,nan
00+,3,0.675,0.24508771254956985,0.24508771254956896,nan
00+,3,0.7000000000000001,0.24772255750516647,0.24772255750516614,nan
00+,3,0.7250000000000001,0.24940442408507768,0.2494044240850758,nan
00+,3,0.75,0.25000000000000155,0.25,nan
00+,3,0.775,0.24934164902525713,0.2493416490252569,nan
00+,3,0.8,0.24721359549995992,0.24721359549995792,nan
00+,3,0.8250000000000001,0.24333001326703863,0.24333001326703774,nan
00+,3,0.8500000000000001,0.23729833462074246,0.23729833462074168,nan
00+,3,0.875,0.22855339059327462,0.2285533905932738,nan
00+,3,0.9,0.21622776601683813,0.2162277660168379,nan
00+,3,0.925,0.19886127875258341,0.19886127875258303,nan
00+,3,0.9500000000000001,0.17360679774997956,0.1736067977499789,nan
00+,3,0.9750000000000001,0.13311388300841998,0.13311388300841878,nan
00+,3,1.0,4.440892098500626e-16,0.0,nan
