theta,p,pair,phi,se_phi,q,se_q,x,y,se_x,se_y,rate,se_rate,n,exact_phi,exact_q,exact_rate,exact_x,exact_y,sum_of_angles,ideal_phi,composed_q
0.0,0.0,tt,-0.013999085440883076,0.008162837839660514,-4.8997599235267586e-05,5.7145464310022866e-05,1.0,-0.014,0.0,0.008164437755877088,1.0,0.0,30000,0.0,0.0,0.9999999999999993,1.0,0.0,0.0,0.0,0.0
0.0,0.0,tn,nan,nan,nan,nan,nan,nan,nan,nan,0.0,0.0,0,0.0,0.0,0.0,1.0,0.0,0.0,0.0,0.0
0.0,0.0,nt,nan,nan,nan,nan,nan,nan,nan,nan,0.0,0.0,0,0.0,0.0,0.0,1.0,0.0,0.0,0.0,0.0
0.0,0.0,nn,nan,nan,nan,nan,nan,nan,nan,nan,0.0,0.0,0,0.0,0.0,0.0,1.0,0.0,0.0,0.0,0.0
0.07853981633974483,0.0,tt,-0.009885816893893363,0.008256205450545444,-2.4433338853491193e-05,4.0812991445491936e-05,1.0,-0.009886138951387468,0.0,0.008257012376922538,0.9780333333333333,0.0008462492190488221,29341,-7.08989554423761e-18,0.0,0.9787018526030173,1.0,-7.08989554423761e-18,0.0,0.0,6.661338147750939e-16
0.07853981633974483,0.0,tn,-0.12659212727997207,0.07670504944209021,0.0020030080612294943,0.007675383426476666,0.9880239520958084,-0.12574850299401197,0.011976047904191617,0.07699895610287401,0.011133333333333334,0.0006057882529460335,334,-0.23646857190795162,3.3306690738754696e-16,0.010591760336547277,0.9721713460757396,-0.23427094115421812,-0.2364685719079544,-0.23646857190795348,-7.771561172376096e-16
0.07853981633974483,0.0,nt,0.3332744025535227,0.06799591127513994,-0.01571855299519853,0.014745725245783357,0.9746835443037974,0.3374233128834356,0.017844335478913058,0.07395967820051176,0.0107,0.0005940120649728702,321,0.23646857190795445,-1.1102230246251565e-15,0.010591760336547238,0.9721713460757417,0.2342709411542216,0.2364685719079544,0.23646857190795348,-7.771561172376096e-16
0.07853981633974483,0.0,nn,-0.3217505543966422,nan,-0.02704627669472992,nan,1.0,-0.3333333333333333,nan,0.6666666666666667,0.00013333333333333334,6.66622220740642e-05,4,2.1725098480211727e-15,-2.886579864025407e-15,0.00011462672388785225,1.0000000000000058,2.1725098480211853e-15,0.0,0.0,-2.220446049250313e-15
0.15707963267948966,0.0,tt,0.0016039647953855075,0.008538870321849499,-6.431764556502628e-07,6.8480383759370195e-06,1.0,0.0016039661708953047,0.0,0.008538892289865024,0.9166333333333333,0.001596001937713481,27499,1.511428279000522e-17,-1.1102230246251565e-16,0.9181902972591967,1.0000000000000002,1.5114282790005224e-17,0.0,0.0,-2.220446049250313e-16
0.15707963267948966,0.0,tn,-0.46448171380563674,0.033046727030961544,0.0019610637465965475,0.011504935912770662,0.8905472636815921,-0.4462025316455696,0.018539961829336944,0.03562668075392557,0.041166666666666664,0.0011470537944697308,1235,-0.47806172831317245,1.6653345369377348e-16,0.04003217026032264,0.8878883095465462,-0.46005907204464064,-0.4780617283131708,-0.4780617283131708,1.1102230246251565e-16
0.15707963267948966,0.0,nt,0.4534294002198332,0.03363690803887624,0.0007448788538162998,0.011414107203951142,0.8976109215017065,0.4373983739837398,0.01822436772030471,0.036291496801928655,0.04003333333333333,0.00113182250604288,1201,0.47806172831317056,-1.1102230246251565e-16,0.04003217026032265,0.8878883095465476,0.46005907204463925,0.4780617283131708,0.4780617283131708,1.1102230246251565e-16
0.15707963267948966,0.0,nn,-0.02702044918726479,0.16648417380281175,-0.00018258171139862167,0.002250607672075124,1.0,-0.02702702702702703,0.0,0.16660578386402639,0.0021666666666666666,0.00026845062998760266,65,1.9023954540147401e-16,-3.3306690738754696e-16,0.00174536222015758,1.0000000000000007,1.9023954540147414e-16,0.0,0.0,4.440892098500626e-16
0.23561944901923448,0.0,tt,-0.012580472570352148,0.008950028095305214,-3.956968194673838e-05,5.630521732467242e-05,1.0,-0.012581136308999118,0.0,0.008951444750420172,0.8294,0.0021717553576158922,24882,5.029477601899738e-17,-4.440892098500626e-16,0.8277870331447056,1.0000000000000009,5.0294776018997426e-17,0.0,0.0,-4.440892098500626e-16
0.23561944901923448,0.0,tn,-0.7729620186373141,0.02061996812464962,0.0057449745288791765,0.010175480551106697,0.7076205287713841,-0.6902356902356902,0.019711403941361925,0.021002160035034568,0.08246666666666666,0.0015881426841393013,2474,-0.7300384435646303,5.551115123125783e-17,0.08204099079427205,0.7451487649483138,-0.6668982816712022,-0.7300384435646308,-0.7300384435646307,0.0
0.23561944901923448,0.0,nt,0.7096528311608652,0.021252014560837234,0.006914207129872507,0.010268302052411665,0.7480980557903635,0.6425602660016625,0.019301449121111466,0.022100893751660595,0.07953333333333333,0.0015621329672622006,2386,0.7300384435646308,1.6653345369377348e-16,0.082040990794272,0.7451487649483134,0.6668982816712025,0.7300384435646308,0.7300384435646307,0.0
0.23561944901923448,0.0,nn,-0.12246105741734144,0.08607188478236961,-0.0037727486163982027,0.005336697843127173,1.0,-0.12307692307692308,0.0,0.08737569558143984,0.0086,0.0005331053679464627,258,-3.266880009550688e-16,1.6653345369377348e-16,0.008130985266749425,0.9999999999999997,-3.2668800095506873e-16,0.0,0.0,4.440892098500626e-16
0.3141592653589793,0.0,tt,-0.004819239799022971,0.009627073188560998,-5.806324248625039e-06,2.319803610693493e-05,1.0,-0.004819277108433735,0.0,0.009627296781493237,0.7206666666666667,0.0025904068034591416,21620,-5.778061804569993e-17,-1.1102230246251565e-16,0.7205420231143017,1.0000000000000002,-5.778061804569994e-17,0.0,0.0,0.0
0.3141592653589793,0.0,tn,-0.9570303031586906,0.016163552183922878,-0.012019888283031466,0.0073176193102048445,0.5897959183673469,-0.8371369294605809,0.018245402963185938,0.01246066486303642,0.1296,0.001939104948165519,3888,-0.9978491014635967,-3.3306690738754696e-16,0.12830544440521754,0.5421109733650067,-0.8403069037900655,-0.9978491014635964,-0.9978491014635966,0.0
0.3141592653589793,0.0,nt,0.9962658137891935,0.0174699350728207,-0.0007940668710458842,0.007345149136006668,0.5443037974683544,0.8407806882383153,0.019270787714449334,0.012272342803461176,0.1281,0.0019295110779676803,3843,0.9978491014635962,3.885780586188048e-16,0.12830544440521763,0.5421109733650065,0.8403069037900639,0.9978491014635964,0.9978491014635966,0.0
0.3141592653589793,0.0,nn,-0.008954984500966776,0.054710983802616485,-2.0048606741318586e-05,0.000244984377137077,1.0,-0.008955223880597015,0.0,0.05471537140657483,0.021633333333333334,0.0008399470662333872,649,4.650562581698195e-16,1.6653345369377348e-16,0.02284708807526264,0.9999999999999997,4.650562581698193e-16,0.0,0.0,0.0
0.39269908169872414,0.0,tt,0.005694200392488456,0.010464529484402333,-8.106089040449405e-06,2.9794368984632555e-05,1.0,0.0056942619360490585,0.0,0.01046486879278384,0.6085333333333334,0.0028179219030789074,18256,-6.821210263296967e-17,3.885780586188048e-16,0.6103515624999999,0.9999999999999992,-6.821210263296962e-17,0.0,0.0,3.3306690738754696e-16
0.39269908169872414,0.0,tn,-1.2943395369308865,0.018542352893660633,0.004054196514327479,0.003845324550828874,0.27073552425665104,-0.9542280837858805,0.01904472309721256,0.005891555360768942,0.17113333333333333,0.0021744479418583126,5134,-1.2870022175865687,2.220446049250313e-16,0.17089843749999997,0.2799999999999999,-0.9599999999999995,-1.2870022175865687,-1.2870022175865687,5.551115123125783e-17
0.39269908169872414,0.0,nt,1.2945549564246206,0.018266467421306734,-0.0006204655616305343,0.0036327935047563184,0.2730799069045772,0.96328125,0.018950207046037625,0.005307622917922669,0.17126666666666668,0.0021751198860105432,5138,1.2870022175865687,5.551115123125783e-17,0.17089843749999997,0.27999999999999997,0.9599999999999999,1.2870022175865687,1.2870022175865687,5.551115123125783e-17
0.39269908169872414,0.0,nn,0.019175731485072175,0.03701661065474629,-9.194125594413904e-05,0.0003550190705954322,1.0,0.019178082191780823,0.0,0.0370302253210783,0.04906666666666667,0.001247118397064327,1472,3.3306690738754716e-16,0.0,0.04785156249999997,1.0,3.3306690738754716e-16,0.0,0.0,-2.220446049250313e-16
0.47123889803846897,0.0,tt,0.028992664699130363,0.011467649002001208,-0.0002102172773472688,0.0001663553577338918,1.0,0.029000790930661744,0.0,0.011477293820885746,0.5083666666666666,0.00288634716604967,15251,0.0,-2.220446049250313e-16,0.5092999371158026,1.0000000000000004,0.0,0.0,0.0,-2.220446049250313e-16
0.47123889803846897,0.0,tn,-1.6142183548455533,0.018038080024136056,0.00017549274852796115,0.0006017082522388841,-0.043393148450244695,-0.9987067571936631,0.018048717748329637,0.0009143128708390256,0.20526666666666665,0.0023318966688243444,6158,-1.602567167632788,-2.220446049250313e-16,0.20435259536467718,-0.03176549626557598,-0.9994953492873304,-1.602567167632788,-1.6025671676327882,0.0
0.47123889803846897,0.0,nt,1.612330867864519,0.017975060907725042,-0.0004315897464822749,0.0003738301633596962,-0.04155844155844156,1.0,0.018006105708483194,0.0,0.20476666666666668,0.0023297873929387413,6143,1.602567167632788,1.1102230246251565e-16,0.20435259536467718,-0.03176549626557596,0.9994953492873297,1.602567167632788,1.6025671676327882,0.0
0.47123889803846897,0.0,nn,0.009538661409814329,0.028201557005626772,-2.2747377744658515e-05,0.00013451275053370665,1.0,0.009538950715421303,0.0,0.028204123109878364,0.0816,0.0015805214329454695,2448,-6.47917425268554e-17,0.0,0.08199487215484237,1.0,-6.47917425268554e-17,0.0,0.0,2.220446049250313e-16
0.5497787143782138,0.0,tt,0.02265285936475193,0.012448630025751146,-0.00012831544476399337,0.00014105884624435265,1.0,0.02265673494723774,0.0,0.012455020251604445,0.42673333333333335,0.0028555909811896823,12802,0.0,2.7755575615628914e-16,0.4259807083353987,0.9999999999999994,0.0,0.0,0.0,5.551115123125783e-16
0.5497787143782138,0.0,tn,-1.9447669628336866,0.014938396645583813,-0.0005631032600721397,0.004104226263046527,-0.36572592377073027,-0.9319325244155076,0.015877922569126894,0.0062393015583650496,0.2272,0.0024192296294481843,6816,-1.9481049284631742,3.3306690738754696e-16,0.2266912677256229,-0.36841972257594363,-0.9296595656567319,-1.9481049284631742,-1.948104928463174,1.6653345369377348e-16
0.5497787143782138,0.0,nt,1.9467370240531037,0.01518081994176967,0.006507401489958542,0.004295885593881009,-0.3623693379790941,0.9180567749487855,0.015884133024254368,0.00678310163494537,0.2287,0.0024248457682912532,6861,1.9481049284631742,0.0,0.22669126772562276,-0.36841972257594385,0.9296595656567326,1.9481049284631742,1.948104928463174,1.6653345369377348e-16
0.5497787143782138,0.0,nn,-0.03861715578706775,0.023790023429185195,-0.00037305298023426747,0.0004599228934396723,1.0,-0.038636363636363635,0.0,0.023825536429035576,0.11736666666666666,0.0018582404959371487,3521,0.0,0.0,0.12063675621335555,1.0,0.0,0.0,0.0,-2.220446049250313e-16
0.6283185307179586,0.0,tt,0.012289883996102374,0.013644414241250968,-3.7762688707365655e-05,8.385468835119973e-05,1.0,0.012290502793296089,0.0,0.01364647531815018,0.36096666666666666,0.002772903004808151,10829,-9.501394647715665e-17,4.440892098500626e-16,0.3651513362606978,0.9999999999999991,-9.501394647715656e-17,0.0,0.0,0.0
0.6283185307179586,0.0,tn,-2.3171149161626983,0.011902350803235175,0.001120234425293909,0.005903928721485281,-0.6774193548387096,-0.7325483599663583,0.012268473541120801,0.01139920715712986,0.23876666666666665,0.0024614165674502393,7163,-2.323957291823865,2.220446049250313e-16,0.2391261962197823,-0.683948193736258,-0.7295305807743149,-2.323957291823865,-2.323957291823865,1.6653345369377348e-16
0.6283185307179586,0.0,nt,2.3408928422045188,0.011635160262099554,-0.002150018883674054,0.0058361008096944915,-0.6991982305778269,0.7209302325581395,0.011889073336937237,0.011464464023845216,0.2424,0.002474147934138135,7272,2.3239572918238647,1.1102230246251565e-16,0.2391261962197823,-0.6839481937362579,0.7295305807743153,2.323957291823865,2.323957291823865,1.6653345369377348e-16
0.6283185307179586,0.0,nn,-0.013288254353123216,0.020377312918285435,-4.4147674055472486e-05,0.00013540938299151574,1.0,-0.013289036544850499,0.0,0.020380911521023733,0.15786666666666666,0.002105111099381869,4736,0.0,0.0,0.1565962712997373,1.0,0.0,0.0,0.0,3.3306690738754696e-16
0.7068583470577035,0.0,tt,0.0008220302299674669,0.014336995122654683,-1.6893347232205258e-07,5.892725017119367e-06,1.0,0.0008220304151253596,0.0,0.014337004810649794,0.32793333333333335,0.002710430852725708,9838,-1.1615312396040585e-16,0.0,0.32856556216687743,1.0,-1.1615312396040585e-16,0.0,0.0,0.0
0.7068583470577035,0.0,tn,-2.7230713746344195,0.01405269690073093,-0.0026642768290252583,0.004307449136943727,-0.9185595567867036,-0.4085753803596127,0.006579823830406395,0.015182583286181463,0.24083333333333334,0.0024686881731592384,7225,-2.7253499112917874,0.0,0.24464082489355768,-0.9146145527864012,-0.40432687250704863,-2.725349911291787,-2.7253499112917874,-1.1102230246251565e-16
0.7068583470577035,0.0,nt,2.753080962987125,0.014266857887645165,0.0013171973924946956,0.004088297481470282,-0.9230358097274185,0.3778135048231511,0.006289906417226171,0.015158034257972443,0.24913333333333335,0.002497104426834913,7474,2.725349911291787,0.0,0.24464082489355762,-0.9146145527864011,0.4043268725070491,2.725349911291787,2.7253499112917874,-1.1102230246251565e-16
0.7068583470577035,0.0,nn,0.00609967318457252,0.018944589793736557,-9.301647438397787e-06,5.7779694623960494e-05,1.0,0.006099748833871547,0.0,0.018945294663873454,0.1821,0.0022281501295918103,5463,1.020795095018256e-16,-1.1102230246251565e-16,0.18215278804600696,1.0000000000000002,1.0207950950182563e-16,0.0,0.0,-2.220446049250313e-16
0.7853981633974483,0.0,tt,-0.011016503464322919,0.014554454923278946,-3.034237149790453e-05,8.017771018485605e-05,1.0,-0.011016949152542373,0.0,0.01455622144359066,0.3149,0.0026816536564838746,9447,-3.289549702593056e-17,0.0,0.31640624999999994,1.0,-3.289549702593056e-17,0.0,0.0,2.220446049250313e-16
0.7853981633974483,0.0,tn,-3.139968399468625,0.01645540696767621,-6.595510875229138e-07,1.3363910671932321e-05,-1.0,-0.0016242555495397943,0.0,0.016455450380431086,0.2444,0.002481052464849007,7332,-3.141592653589793,0.0,0.24609374999999986,-1.0,-1.2246467991473532e-16,3.141592653589793,-3.141592653589793,0.0
0.7853981633974483,0.0,nt,3.136436661287828,0.016474903176560987,-6.646137772237104e-06,4.2473177902952235e-05,-1.0,0.005156037991858887,0.0,0.016475341157377033,0.24676666666666666,0.002489128889718174,7403,3.141592653589793,0.0,0.24609374999999994,-1.0,1.2246467991473532e-16,-3.141592653589793,3.141592653589793,0.0
0.7853981633974483,0.0,nn,-0.006549372056354947,0.018568339040500648,-1.0723760244690794e-05,6.080765398506045e-05,1.0,-0.006549465701482247,0.0,0.01856913553870606,0.19393333333333335,0.002282711805109262,5818,5.551115123125786e-17,0.0,0.1914062499999999,1.0,5.551115123125786e-17,0.0,0.0,-2.220446049250313e-16
0.0,0.02,tt,-0.011671909467990876,0.009439583413446013,0.0001432881863754898,0.0001369448661688174,0.9996453271856712,-0.011668299634808943,0.0002507804322637221,0.009437520643734322,0.7501666666666666,0.00249944419747597,22505,0.0,0.00011898373575069954,0.7537334564094971,0.9997620325284986,0.0,0.0,0.0,0.00011898373575081056
0.0,0.02,tn,0.02027693683903642,0.02724252925101316,0.05938464134188792,0.005716793297481314,0.8810495626822158,0.017867435158501442,0.011425566228892249,0.024010771741206846,0.115,0.0018418740456393862,3450,0.0,0.057684637728920796,0.1144447835905026,0.8846307245421584,0.0,0.0,0.0,0.05768463772891913
0.0,0.02,nt,-0.026434007398694382,0.026438458033256344,0.05009981976169031,0.005230184476253962,0.8994860079954312,-0.02378255945639864,0.010445092392956419,0.02379604544794656,0.11723333333333333,0.0018573249481345377,3517,0.0,0.0576846377289193,0.11444478359050267,0.8846307245421614,0.0,0.0,0.0,0.05768463772891913
0.0,0.02,nn,-0.08535361765934654,0.07792019224221088,0.11186829179202407,0.01994312753281023,0.7734375,-0.0661764705882353,0.03969464000927186,0.060612515444936566,0.0176,0.0007591714782138047,528,0.0,0.10862110515199941,0.01737697640949766,0.7827577896960012,0.0,0.0,0.0,0.10862110515199885
0.07853981633974483,0.02,tt,0.009699638418876848,0.009521176183198062,6.743304218437274e-05,0.0001019950137030661,0.9998180991359709,0.009698178192694643,0.00018190086402910415,0.009520339783435904,0.7342666666666666,0.0025502884078007658,22028,-1.880961992373934e-17,0.0001517799034528866,0.7380267055841908,0.9996964401930942,-1.8803910079147318e-17,0.0,0.0,0.0001517799034532752
0.07853981633974483,0.02,tn,0.017493703467435912,0.02748108834645069,0.0710141217313614,0.0059897477799105,0.8578404774823657,0.01500833796553641,0.01197422392682478,0.023580675307069497,0.1214,0.0018855771883784904,3642,-0.0155657876240766,0.06225471084037604,0.12105810139599907,0.8753845175155774,-0.013627150097904456,-0.015565787624076925,-0.23646857190795348,0.06225471084037687
0.07853981633974483,0.02,nt,0.001880707078683535,0.02705131744068941,0.0714278134862153,0.005969975961098446,0.8571428571428571,0.0016120365394948952,0.011939893404597633,0.023186914660474945,0.1241,0.001903498445844738,3723,0.015565787624076908,0.06225471084037698,0.12105810139599939,0.8753845175155756,0.013627150097904696,0.015565787624076925,0.23646857190795348,0.06225471084037687
0.07853981633974483,0.02,nn,0.03756688294298548,0.07317587663730672,0.10972464029732898,0.018113926899823964,0.78,0.029315960912052116,0.03618976369991269,0.05714162472256102,0.020233333333333332,0.000812894941050309,607,4.361801712300024e-16,0.11664175148121864,0.019857091623810094,0.7667164970375627,3.3442653296271176e-16,0.0,0.0,0.11664175148121947
0.15707963267948966,0.02,tt,0.020483832439872732,0.009803418257387262,8.787776121366164e-05,0.0001692565400626937,0.9996144949884348,0.02047880011537352,0.00027258007052048075,0.009803750355514635,0.6925666666666667,0.0026640700621973694,20777,1.0013777597484051e-17,0.0003213710861169061,0.6933803576598898,0.9993572578277662,1.0007341320318779e-17,0.0,0.0,0.00032137108611696164
0.15707963267948966,0.02,tn,-0.10458767018443636,0.025313019872396578,0.07326628222323156,0.005862588066085224,0.8488038277511962,-0.08909952606635071,0.011567688735778186,0.02168857200784711,0.14,0.002003330560175563,4200,-0.10449433093073154,0.07868458977954068,0.13931427884252565,0.8380346344638181,-0.08788999371959527,-0.1044943309307319,-0.4780617283131708,0.0786845897795378
0.15707963267948966,0.02,nt,0.13901675859943521,0.02544570986080714,0.07820634480088984,0.006088967898450988,0.8354489891866479,0.11689540937056318,0.011918999640506312,0.021610527466508624,0.14133333333333334,0.0020112866712813653,4240,0.10449433093073193,0.0786845897795379,0.13931427884252565,0.8380346344638235,0.08788999371959619,0.1044943309307319,0.4780617283131708,0.0786845897795378
0.15707963267948966,0.02,nn,-0.02697032620699435,0.06542062089256123,0.10550763777252153,0.01526586881356814,0.7886977886977887,-0.02127659574468085,0.030511073581433856,0.05162808812971269,0.0261,0.0009204851981428056,783,4.340962974521509e-16,0.14475832141336414,0.02799108465505884,0.7104833571732717,3.0841819475029133e-16,0.0,0.0,0.14475832141336453
0.23561944901923448,0.02,tt,0.02373668136895134,0.010315407817379689,0.00039219499314752104,0.0002678026125791927,0.998934129183543,0.023715835371689885,0.0004765702843612023,0.01031021471440838,0.6261666666666666,0.002793337145316943,18785,-2.2184835051261188e-17,0.0008485157392330578,0.6266162832969426,0.9983029685215339,-2.214718668783462e-17,0.0,0.0,0.0008485157392336129
0.23561944901923448,0.02,tn,-0.2684822346931757,0.02323436989497438,0.09114928242237891,0.006503061418134761,0.7884069720308067,-0.21691031212959305,0.012387604118149837,0.01940773160480654,0.1666,0.002151313087395696,4998,-0.2836288085959448,0.10604767889098937,0.16497469902722622,0.7564249137088049,-0.22048826533250043,-0.2836288085959457,-0.7300384435646307,0.1060476788909906
0.23561944901923448,0.02,nt,0.32763353916722304,0.024535105039136945,0.1120402390475218,0.007110099732895914,0.7346456692913386,0.2496935022476502,0.013464403796342906,0.019579107155680394,0.16623333333333334,0.002149417069984497,4987,0.28362880859594564,0.10604767889099048,0.16497469902722658,0.7564249137088026,0.22048826533250043,0.2836288085959457,0.7300384435646307,0.1060476788909906
0.23561944901923448,0.02,nn,0.09359749305533603,0.07032380118742577,0.21479090582307153,0.01669574625266365,0.5679214402618658,0.05331179321486268,0.03332564703517295,0.040168694695022975,0.041,0.0011448289537452018,1230,-7.867710573618432e-16,0.18907548870254842,0.043434318648604926,0.6218490225949032,-4.892528130264207e-16,0.0,0.0,0.1890754887025491
0.3141592653589793,0.02,tt,0.010243408119186613,0.011055402778523538,0.0011837518354710919,0.0003865324863415326,0.9975801572897761,0.010218978102189781,0.0007648046544388237,0.011029804948961525,0.5495,0.0028725699875430943,16485,-2.5464498498668187e-17,0.002114395765418997,0.5473001286879623,0.995771208469162,-2.5356814443079982e-17,0.0,0.0,0.0021143957654192747
0.3141592653589793,0.02,tn,-0.5214622456061229,0.023504824700798274,0.14248302332311863,0.007672871905214683,0.62,-0.3561931420573828,0.014572202506542611,0.017481691463350227,0.19193333333333334,0.0022737262286746315,5758,-0.5393564181493324,0.13748207242992955,0.19249722781445314,0.6221093245427334,-0.37236672724047115,-0.5393564181493313,-0.9978491014635966,0.13748207242992921
0.3141592653589793,0.02,nt,0.5439841816777027,0.022802815978069768,0.13709755926955547,0.007755585758930368,0.6210374639769453,0.37563971340839303,0.014878637789253898,0.017121277958889333,0.19023333333333334,0.002266014211651685,5707,0.5393564181493312,0.1374820724299291,0.19249722781445344,0.6221093245427346,0.3723667272404709,0.5393564181493313,0.9978491014635966,0.13748207242992921
0.3141592653589793,0.02,nn,0.09003208815177442,0.06572012453705345,0.25870164750519054,0.013500942227787253,0.4806421152030217,0.04339051463168517,0.026959732576888787,0.031752153561577165,0.06833333333333333,0.0014567531121056957,2050,-2.2295375952993896e-16,0.23604529495940085,0.06770541568313075,0.5279094100811983,-1.1769938766883542e-16,0.0,0.0,0.23604529495940113
0.39269908169872414,0.02,tt,-0.014574126423035115,0.012013746759665616,0.0051645942132747535,0.0008597997732975515,0.9895657078398196,-0.014423076923076924,0.0017110271353944866,0.011890891177995858,0.47213333333333335,0.0028822644389951972,14164,9.024631156028649e-17,0.004635616643738738,0.46564748673034206,0.9907287667125225,8.94096169524767e-17,0.0,0.0,0.004635616643739182
0.39269908169872414,0.02,tn,-0.8521485726051392,0.02399881059139567,0.17472161271690312,0.007758170068185433,0.42830540037243947,-0.4896719319562576,0.015921985409380654,0.015198688142606977,0.21713333333333334,0.0023803812642018006,6514,-0.8573679709053081,0.16721178442483986,0.21673619326965762,0.435573097067578,-0.5032574518213866,-0.8573679709053073,-1.2870022175865687,0.16721178442483947
0.39269908169872414,0.02,nt,0.8460733392089853,0.02300864106252899,0.16160309242615212,0.007749007791500872,0.44866562009419153,0.5067040848144684,0.015838173081300547,0.015226005539087907,0.21306666666666665,0.0023641013953313015,6392,0.8573679709053071,0.16721178442483936,0.21673619326965773,0.4355730970675792,0.5032574518213869,0.8573679709053073,1.2870022175865687,0.16721178442483947
0.39269908169872414,0.02,nn,0.09152478310567033,0.05474618419046055,0.2588173192693267,0.011340185444526932,0.480346435709527,0.044086773967809655,0.022646078419911224,0.026437076560383934,0.09766666666666667,0.0017139417423869157,2930,-5.005512705327408e-16,0.27643124910324696,0.10088012673034247,0.4471375017935061,-2.2381524462557513e-16,0.0,0.0,0.276431249103247
0.47123889803846897,0.02,tt,-0.005499451871369853,0.013439985482984744,0.008890588527525611,0.0012290533308045729,0.9822039698836413,-0.005401637916013243,0.002457071495265305,0.013201199433685725,0.3861,0.0028108527175930084,11583,-5.42638010889219e-17,0.008919207721843347,0.3905875052717701,0.9821615845563133,-5.329582086154413e-17,0.0,0.0,0.00891920772184307
0.47123889803846897,0.02,tn,-1.2893760563426848,0.02722807522319437,0.1999379414259781,0.006939004001474239,0.16666666666666666,-0.5765164162493044,0.016546549224782846,0.013631351914695838,0.2382,0.002459408872066619,7146,-1.2292517060758048,0.19256218996502006,0.23438249822581372,0.2059482184837699,-0.5793594389148925,-1.229251706075801,-1.6025671676327882,0.19256218996501978
0.47123889803846897,0.02,nt,1.1800087249202935,0.027367797218375234,0.20362579795782376,0.00721062333019689,0.22578779994217982,0.5480607082630692,0.016566286130188415,0.014024652579346684,0.2339,0.0024439775639995822,7017,1.2292517060758013,0.1925621899650199,0.23438249822581392,0.2059482184837721,0.579359438914892,1.229251706075801,1.6025671676327882,0.19256218996501978
0.47123889803846897,0.02,nn,-0.03644247612684019,0.057699074744192454,0.3112966211440512,0.010002124662095924,0.37715617715617716,-0.013750592697961118,0.020001786511078604,0.021778282895640984,0.1418,0.0020140569339850683,4254,-1.2265711654049646e-15,0.30753063747285014,0.1406474982766022,0.3849387250542997,-4.721547405993537e-16,0.0,0.0,0.30753063747285014
0.5497787143782138,0.02,tt,0.005626398704835233,0.014648827176512629,0.014386555945773483,0.0016847416492150275,0.9712115153938424,0.00546448087431694,0.0033685856081565346,0.014227547404650376,0.33143333333333336,0.0027177520054197297,9943,-1.3066893151454094e-16,0.015088375885194905,0.32853115992558657,0.9698232482296102,-1.2672576760412457e-16,0.0,0.0,0.015088375885195016
0.5497787143782138,0.02,tn,-1.7145997248901572,0.028801012401913618,0.21303582916771763,0.006789408625882004,-0.08224868457491,-0.5680043091839483,0.016587175517793495,0.013508569126921121,0.24413333333333334,0.002480136077509249,7324,-1.6504148560650052,0.2127352650940854,0.24464521775024417,-0.04569487820253542,-0.572709428758002,-1.6504148560650038,-1.948104928463174,0.21273526509408563
0.5497787143782138,0.02,nt,1.6716850568891024,0.028745735390551794,0.21431950786070553,0.006823752123224764,-0.05754614549402823,0.5684556407447974,0.016450490487821975,0.013615792550077825,0.24453333333333332,0.0024815101734106874,7336,1.6504148560650036,0.21273526509408552,0.24464521775024417,-0.045694878202534504,0.5727094287580019,1.6504148560650038,1.948104928463174,0.21273526509408563
0.5497787143782138,0.02,nn,0.03659358221720847,0.05934380133261067,0.3376641659483781,0.009099309136224974,0.32445431002589714,0.011878247958426132,0.018197141907844175,0.019268645343214548,0.1799,0.0022176262835142744,5397,2.5703879921789007e-16,0.32982254122860943,0.18217840457392498,0.34035491754278113,8.748441931310045e-17,0.0,0.0,0.32982254122860943
0.6283185307179586,0.02,tt,-0.052264572133539806,0.016044764874439427,0.019156937324239398,0.0021630014253577624,0.9603729603729604,-0.050239234449760764,0.0042558581403972905,0.01544952196540515,0.2823333333333333,0.0025988537359268107,8470,2.5654579383009e-17,0.022302067372094614,0.2831013830901365,0.9553958652558108,2.4510279067403768e-17,0.0,0.0,0.022302067372094725
0.6283185307179586,0.02,tn,-2.1070776541176643,0.027121443590250677,0.2191847485705984,0.007286166130373167,-0.28696112139645596,-0.48278580814717476,0.015580931525348205,0.014198882742991867,0.2528666666666667,0.0025094827857253476,7586,-2.1163257359856904,0.22753398575993128,0.2489713404074474,-0.28274927946191636,-0.46583662439448065,-2.1163257359856913,-2.323957291823865,0.22753398575993128
0.6283185307179586,0.02,nt,2.116932737840393,0.027146174887127762,0.2168313549436368,0.00733829517333203,-0.2941496598639456,0.4839565102094935,0.01576808634487057,0.014252237910975499,0.2482,0.0024939711305466228,7446,2.1163257359856913,0.22753398575993128,0.2489713404074474,-0.2827492794619168,0.4658366243944804,2.1163257359856913,2.323957291823865,0.22753398575993128
0.6283185307179586,0.02,nn,0.009480648021012507,0.054005091755067,0.33742354798368807,0.008290263648964867,0.3251382913337431,0.0030826140567200987,0.01658043665444882,0.017559998004204644,0.2166,0.0023782657547044652,6498,-1.4441757440210634e-15,0.3445927356070526,0.21895593609496836,0.3108145287858948,-4.488708033619258e-16,0.0,0.0,0.34459273560705245
0.7068583470577035,0.02,tt,0.010274014480521563,0.01747220165592067,0.03254437536879928,0.002866684110664809,0.9348619072433559,0.0096051227321238,0.0057312137589450125,0.01633571390758226,0.2528666666666667,0.0025094827857253476,7586,-4.315765518020544e-17,0.028439162981638066,0.2557148444286319,0.9431216740367239,-4.0702920001055045e-17,0.0,0.0,0.0284391629816379
0.7068583470577035,0.02,tn,-2.619870288563632,0.029038416198303437,0.23567995166653588,0.0074189910904265575,-0.4583109198493814,-0.26346053319393625,0.014578197303787073,0.015597792264167451,0.25146666666666667,0.0025048698051477127,7544,-2.618483404844733,0.23669542786992115,0.24996770859117695,-0.4561857368040237,-0.26308128849271206,-2.6184834048447327,-2.7253499112917874,0.23669542786992137
0.7068583470577035,0.02,nt,2.5626207271534094,0.028904878590729176,0.23498487343294627,0.007454950359860148,-0.4436488994961549,0.2900133155792277,0.014596024802892217,0.015619785453040828,0.2508666666666667,0.0025028822200430065,7526,2.6184834048447327,0.23669542786992154,0.24996770859117715,-0.4561857368040229,0.26308128849271184,2.6184834048447327,2.7253499112917874,0.23669542786992137
0.7068583470577035,0.02,nn,0.030669795565331177,0.059937883916449226,0.3623093277822458,0.007932809971720587,0.27525183773482165,0.008444565513484064,0.015865004665793315,0.0165063664483699,0.2448,0.002482424621212092,7344,5.915281203422488e-16,0.35297910203280053,0.244349738389014,0.29404179593439894,1.739339908511341e-16,0.0,0.0,0.3529791020328006
0.7853981633974483,0.02,tt,-0.0017314526820981487,0.01751293282509928,0.029426940416345637,0.0027772817695963887,0.9411447084233261,-0.0016295491580662683,0.00555449855289581,0.016482250664026157,0.2462,0.002487204320785354,7386,4.498689859807415e-17,0.030893925906102015,0.24660075410237428,0.938212148187796,4.220725477400569e-17,0.0,0.0,0.03089392590610235
0.7853981633974483,0.02,tn,3.079284494029386,0.03151680317860366,0.2392913675401233,0.00697934757756085,-0.5204054414510536,0.032467532467532464,0.013948163836691573,0.016442344911237573,0.24816666666666667,0.002493858938955331,7445,-3.141592653589793,0.23981865401523583,0.2499883658976254,-0.5203626919695283,-6.37260505116183e-17,-3.141592653589793,-3.141592653589793,0.23981865401523622
0.7853981633974483,0.02,nt,3.1249288089465144,0.03014908515295751,0.23038584755932312,0.0068505478313333635,-0.5391534391534392,0.008985200845665961,0.013700319269800774,0.016257894368776914,0.2521333333333333,0.0025070707712092715,7564,3.141592653589793,0.23981865401523633,0.2499883658976256,-0.5203626919695273,6.372605051161818e-17,3.141592653589793,3.141592653589793,0.23981865401523622
0.7853981633974483,0.02,nn,-0.05792128528744212,0.05273172968240553,0.3469692814817458,0.007759025575937626,0.3055481815768516,-0.01771756122980719,0.015515913650293587,0.016141203933771636,0.2535,0.0025115582812270153,7605,2.9054265309376717e-16,0.3556950409793811,0.25342251410237454,0.2886099180412378,8.385349129687594e-17,0.0,0.0,0.355695040979381
